FIPS,State,County,x2020_05_21,x2020_05_22,x2020_05_23,x2020_05_24,x2020_05_25,x2020_05_26,x2020_05_27
17031,Illinois,Cook,1464.24,1557.14,1594.37,1684.07,1760.44,1850.39,1948.66
6037,California,Los Angeles,0,0,0,0,0,0,0
36059,New York,Nassau,0,0,0,0,0,0,0
36103,New York,Suffolk,0,0,0,0,0,0,0
36119,New York,Westchester,0,0,0,0,0,0,0
42101,Pennsylvania,Philadelphia,0,0,0,0,0,0,0
25017,Massachusetts,Middlesex,0,0,0,0,0,0,0
26163,Michigan,Wayne,0,0,0,0,0,0,0
34017,New Jersey,Hudson,0,0,0,0,0,0,0
34003,New Jersey,Bergen,0,0,0,0,0,0,0
25025,Massachusetts,Suffolk,0,0,0,0,0,0,0
34013,New Jersey,Essex,0,0,0,0,0,0,0
12086,Florida,Miami-Dade,0,0,0,0,0,0,0
34031,New Jersey,Passaic,0,0,0,0,0,0,0
34039,New Jersey,Union,0,0,0,0,0,0,0
34023,New Jersey,Middlesex,0,0,0,0,0,0,0
9001,Connecticut,Fairfield,0,0,0,0,0,0,0
25009,Massachusetts,Essex,0,0,0,0,0,0,0
36087,New York,Rockland,0,0,0,0,0,0,0
24033,Maryland,Prince George's,0,0,0,0,0,0,0
9009,Connecticut,New Haven,0,0,0,0,0,0,0
48201,Texas,Harris,0,0,0,0,0,0,0
36071,New York,Orange,0,0,0,0,0,0,0
44007,Rhode Island,Providence,0,0,0,0,0,0,0
25027,Massachusetts,Worcester,0,0,0,0,0,0,0
9003,Connecticut,Hartford,0,0,0,0,0,0,0
24031,Maryland,Montgomery,0,0,0,0,0,0,0
18097,Indiana,Marion,0,0,0,0,0,0,0
34029,New Jersey,Ocean,0,0,0,0,0,0,0
51059,Virginia,Fairfax,0,0,0,0,0,0,0
26125,Michigan,Oakland,0,0,0,0,0,0,0
53033,Washington,King,0,0,0,0,0,0,0
48113,Texas,Dallas,0,0,0,0,0,0,0
4013,Arizona,Maricopa,0,0,0,0,0,0,0
25021,Massachusetts,Norfolk,0,0,0,0,0,0,0
34025,New Jersey,Monmouth,0,0,0,0,0,0,0
25023,Massachusetts,Plymouth,0,0,0,0,0,0,0
22051,Louisiana,Jefferson,0,0,0,0,0,0,0
17097,Illinois,Lake,0,0,0,0,0,0,0
22071,Louisiana,Orleans,0,0,0,0,0,0,0
12011,Florida,Broward,0,0,0,0,0,0,0
26099,Michigan,Macomb,0,0,0,0,0,0,0
17043,Illinois,DuPage,0,0,0,0,0,0,0
6073,California,San Diego,0,0,0,0,0,0,0
6065,California,Riverside,0,0,0,0,0,0,0
25005,Massachusetts,Bristol,0,0,0,0,0,0,0
34021,New Jersey,Mercer,0,0,0,0,0,0,0
42091,Pennsylvania,Montgomery,0,0,0,0,0,0,0
34027,New Jersey,Morris,0,0,0,0,0,0,0
42045,Pennsylvania,Delaware,0,0,0,0,0,0,0
27053,Minnesota,Hennepin,0,0,0,0,0,0,0
34007,New Jersey,Camden,0,0,0,0,0,0,0
32003,Nevada,Clark,0,0,0,0,0,0,0
55079,Wisconsin,Milwaukee,0,0,0,0,0,0,0
25013,Massachusetts,Hampden,0,0,0,0,0,0,0
36029,New York,Erie,0,0,0,0,0,0,0
24005,Maryland,Baltimore,0,0,0,0,0,0,0
8031,Colorado,Denver,0,0,0,0,0,0,0
17089,Illinois,Kane,0,0,0,0,0,0,0
39049,Ohio,Franklin,0,0,0,0,0,0,0
12099,Florida,Palm Beach,0,0,0,0,0,0,0
6059,California,Orange,0,0,0,0,0,0,0
17197,Illinois,Will,0,0,0,0,0,0,0
48439,Texas,Tarrant,0,0,0,0,0,0,0
42017,Pennsylvania,Bucks,0,0,0,0,0,0,0
47037,Tennessee,Davidson,0,0,0,0,0,0,0
29189,Missouri,St. Louis,0,0,0,0,0,0,0
34035,New Jersey,Somerset,0,0,0,0,0,0,0
24510,Maryland,Baltimore city,0,0,0,0,0,0,0
49035,Utah,Salt Lake,0,0,0,0,0,0,0
34005,New Jersey,Burlington,0,0,0,0,0,0,0
51153,Virginia,Prince William,0,0,0,0,0,0,0
47157,Tennessee,Shelby,0,0,0,0,0,0,0
10005,Delaware,Sussex,0,0,0,0,0,0,0
8005,Colorado,Arapahoe,0,0,0,0,0,0,0
6071,California,San Bernardino,0,0,0,0,0,0,0
13121,Georgia,Fulton,0,0,0,0,0,0,0
42011,Pennsylvania,Berks,0,0,0,0,0,0,0
36027,New York,Dutchess,0,0,0,0,0,0,0
42077,Pennsylvania,Lehigh,0,0,0,0,0,0,0
39035,Ohio,Cuyahoga,0,0,0,0,0,0,0
19153,Iowa,Polk,0,0,0,0,0,0,0
22033,Louisiana,East Baton Rouge,0,0,0,0,0,0,0
46099,South Dakota,Minnehaha,0,0,0,0,0,0,0
53061,Washington,Snohomish,0,0,0,0,0,0,0
18089,Indiana,Lake,0,0,0,0,0,0,0
24003,Maryland,Anne Arundel,0,0,0,0,0,0,0
26081,Michigan,Kent,0,0,0,0,0,0,0
13089,Georgia,DeKalb,0,0,0,0,0,0,0
10003,Delaware,New Castle,0,0,0,0,0,0,0
13135,Georgia,Gwinnett,0,0,0,0,0,0,0
37119,North Carolina,Mecklenburg,0,0,0,0,0,0,0
42095,Pennsylvania,Northampton,0,0,0,0,0,0,0
8001,Colorado,Adams,0,0,0,0,0,0,0
31055,Nebraska,Douglas,0,0,0,0,0,0,0
48453,Texas,Travis,0,0,0,0,0,0,0
53077,Washington,Yakima,0,0,0,0,0,0,0
42071,Pennsylvania,Lancaster,0,0,0,0,0,0,0
13067,Georgia,Cobb,0,0,0,0,0,0,0
6001,California,Alameda,0,0,0,0,0,0,0
42079,Pennsylvania,Luzerne,0,0,0,0,0,0,0
39101,Ohio,Marion,0,0,0,0,0,0,0
6085,California,Santa Clara,0,0,0,0,0,0,0
36055,New York,Monroe,0,0,0,0,0,0,0
19193,Iowa,Woodbury,0,0,0,0,0,0,0
8123,Colorado,Weld,0,0,0,0,0,0,0
48029,Texas,Bexar,0,0,0,0,0,0,0
42029,Pennsylvania,Chester,0,0,0,0,0,0,0
13139,Georgia,Hall,0,0,0,0,0,0,0
48375,Texas,Potter,0,0,0,0,0,0,0
6075,California,San Francisco,0,0,0,0,0,0,0
39061,Ohio,Hamilton,0,0,0,0,0,0,0
55009,Wisconsin,Brown,0,0,0,0,0,0,0
21111,Kentucky,Jefferson,0,0,0,0,0,0,0
39129,Ohio,Pickaway,0,0,0,0,0,0,0
39095,Ohio,Lucas,0,0,0,0,0,0,0
35031,New Mexico,McKinley,0,0,0,0,0,0,0
34015,New Jersey,Gloucester,0,0,0,0,0,0,0
22017,Louisiana,Caddo,0,0,0,0,0,0,0
8059,Colorado,Jefferson,0,0,0,0,0,0,0
33011,New Hampshire,Hillsborough,0,0,0,0,0,0,0
48141,Texas,El Paso,0,0,0,0,0,0,0
26049,Michigan,Genesee,0,0,0,0,0,0,0
4019,Arizona,Pima,0,0,0,0,0,0,0
34001,New Jersey,Atlantic,0,0,0,0,0,0,0
27123,Minnesota,Ramsey,0,0,0,0,0,0,0
53053,Washington,Pierce,0,0,0,0,0,0,0
27145,Minnesota,Stearns,0,0,0,0,0,0,0
34011,New Jersey,Cumberland,0,0,0,0,0,0,0
1097,Alabama,Mobile,0,0,0,0,0,0,0
51013,Virginia,Arlington,0,0,0,0,0,0,0
36067,New York,Onondaga,0,0,0,0,0,0,0
29510,Missouri,St. Louis city,0,0,0,0,0,0,0
12095,Florida,Orange,0,0,0,0,0,0,0
6081,California,San Mateo,0,0,0,0,0,0,0
12057,Florida,Hillsborough,0,0,0,0,0,0,0
42003,Pennsylvania,Allegheny,0,0,0,0,0,0,0
36001,New York,Albany,0,0,0,0,0,0,0
13095,Georgia,Dougherty,0,0,0,0,0,0,0
17201,Illinois,Winnebago,0,0,0,0,0,0,0
19013,Iowa,Black Hawk,0,0,0,0,0,0,0
48157,Texas,Fort Bend,0,0,0,0,0,0,0
6029,California,Kern,0,0,0,0,0,0,0
51107,Virginia,Loudoun,0,0,0,0,0,0,0
51510,Virginia,Alexandria city,0,0,0,0,0,0,0
31043,Nebraska,Dakota,0,0,0,0,0,0,0
22103,Louisiana,St. Tammany,0,0,0,0,0,0,0
36111,New York,Ulster,0,0,0,0,0,0,0
49049,Utah,Utah,0,0,0,0,0,0,0
18017,Indiana,Cass,0,0,0,0,0,0,0
6107,California,Tulare,0,0,0,0,0,0,0
12071,Florida,Lee,0,0,0,0,0,0,0
24021,Maryland,Frederick,0,0,0,0,0,0,0
6083,California,Santa Barbara,0,0,0,0,0,0,0
24027,Maryland,Howard,0,0,0,0,0,0,0
31079,Nebraska,Hall,0,0,0,0,0,0,0
20057,Kansas,Ford,0,0,0,0,0,0,0
1073,Alabama,Jefferson,0,0,0,0,0,0,0
35045,New Mexico,San Juan,0,0,0,0,0,0,0
42069,Pennsylvania,Lackawanna,0,0,0,0,0,0,0
27105,Minnesota,Nobles,0,0,0,0,0,0,0
8041,Colorado,El Paso,0,0,0,0,0,0,0
47169,Tennessee,Trousdale,0,0,0,0,0,0,0
20055,Kansas,Finney,0,0,0,0,0,0,0
4017,Arizona,Navajo,0,0,0,0,0,0,0
6019,California,Fresno,0,0,0,0,0,0,0
12031,Florida,Duval,0,0,0,0,0,0,0
51087,Virginia,Henrico,0,0,0,0,0,0,0
37183,North Carolina,Wake,0,0,0,0,0,0,0
32031,Nevada,Washoe,0,0,0,0,0,0,0
9005,Connecticut,Litchfield,0,0,0,0,0,0,0
45079,South Carolina,Richland,0,0,0,0,0,0,0
42089,Pennsylvania,Monroe,0,0,0,0,0,0,0
38017,North Dakota,Cass,0,0,0,0,0,0,0
36105,New York,Sullivan,0,0,0,0,0,0,0
26161,Michigan,Washtenaw,0,0,0,0,0,0,0
17111,Illinois,McHenry,0,0,0,0,0,0,0
6067,California,Sacramento,0,0,0,0,0,0,0
35001,New Mexico,Bernalillo,0,0,0,0,0,0,0
10001,Delaware,Kent,0,0,0,0,0,0,0
39099,Ohio,Mahoning,0,0,0,0,0,0,0
20209,Kansas,Wyandotte,0,0,0,0,0,0,0
6013,California,Contra Costa,0,0,0,0,0,0,0
25001,Massachusetts,Barnstable,0,0,0,0,0,0,0
36079,New York,Putnam,0,0,0,0,0,0,0
48121,Texas,Denton,0,0,0,0,0,0,0
33015,New Hampshire,Rockingham,0,0,0,0,0,0,0
45045,South Carolina,Greenville,0,0,0,0,0,0,0
37063,North Carolina,Durham,0,0,0,0,0,0,0
55101,Wisconsin,Racine,0,0,0,0,0,0,0
18003,Indiana,Allen,0,0,0,0,0,0,0
34041,New Jersey,Warren,0,0,0,0,0,0,0
51041,Virginia,Chesterfield,0,0,0,0,0,0,0
40109,Oklahoma,Oklahoma,0,0,0,0,0,0,0
48085,Texas,Collin,0,0,0,0,0,0,0
4001,Arizona,Apache,0,0,0,0,0,0,0
18063,Indiana,Hendricks,0,0,0,0,0,0,0
39153,Ohio,Summit,0,0,0,0,0,0,0
12103,Florida,Pinellas,0,0,0,0,0,0,0
34037,New Jersey,Sussex,0,0,0,0,0,0,0
18057,Indiana,Hamilton,0,0,0,0,0,0,0
18141,Indiana,St. Joseph,0,0,0,0,0,0,0
12021,Florida,Collier,0,0,0,0,0,0,0
20103,Kansas,Leavenworth,0,0,0,0,0,0,0
18081,Indiana,Johnson,0,0,0,0,0,0,0
13063,Georgia,Clayton,0,0,0,0,0,0,0
41051,Oregon,Multnomah,0,0,0,0,0,0,0
6025,California,Imperial,0,0,0,0,0,0,0
42043,Pennsylvania,Dauphin,0,0,0,0,0,0,0
1101,Alabama,Montgomery,0,0,0,0,0,0,0
17091,Illinois,Kankakee,0,0,0,0,0,0,0
22073,Louisiana,Ouachita,0,0,0,0,0,0,0
5079,Arkansas,Lincoln,0,0,0,0,0,0,0
9007,Connecticut,Middlesex,0,0,0,0,0,0,0
4005,Arizona,Coconino,0,0,0,0,0,0,0
44003,Rhode Island,Kent,0,0,0,0,0,0,0
26145,Michigan,Saginaw,0,0,0,0,0,0,0
27003,Minnesota,Anoka,0,0,0,0,0,0,0
31109,Nebraska,Lancaster,0,0,0,0,0,0,0
37081,North Carolina,Guilford,0,0,0,0,0,0,0
17163,Illinois,St. Clair,0,0,0,0,0,0,0
24017,Maryland,Charles,0,0,0,0,0,0,0
34019,New Jersey,Hunterdon,0,0,0,0,0,0,0
47149,Tennessee,Rutherford,0,0,0,0,0,0,0
19113,Iowa,Linn,0,0,0,0,0,0,0
9011,Connecticut,New London,0,0,0,0,0,0,0
12081,Florida,Manatee,0,0,0,0,0,0,0
23005,Maine,Cumberland,0,0,0,0,0,0,0
55059,Wisconsin,Kenosha,0,0,0,0,0,0,0
37191,North Carolina,Wayne,0,0,0,0,0,0,0
27037,Minnesota,Dakota,0,0,0,0,0,0,0
42075,Pennsylvania,Lebanon,0,0,0,0,0,0,0
41047,Oregon,Marion,0,0,0,0,0,0,0
8013,Colorado,Boulder,0,0,0,0,0,0,0
42133,Pennsylvania,York,0,0,0,0,0,0,0
21227,Kentucky,Warren,0,0,0,0,0,0,0
6111,California,Ventura,0,0,0,0,0,0,0
48339,Texas,Montgomery,0,0,0,0,0,0,0
36063,New York,Niagara,0,0,0,0,0,0,0
24045,Maryland,Wicomico,0,0,0,0,0,0,0
51760,Virginia,Richmond city,0,0,0,0,0,0,0
19127,Iowa,Marshall,0,0,0,0,0,0,0
22095,Louisiana,St. John the Baptist,0,0,0,0,0,0,0
40143,Oklahoma,Tulsa,0,0,0,0,0,0,0
31047,Nebraska,Dawson,0,0,0,0,0,0,0
53005,Washington,Benton,0,0,0,0,0,0,0
19049,Iowa,Dallas,0,0,0,0,0,0,0
48039,Texas,Brazoria,0,0,0,0,0,0,0
36065,New York,Oneida,0,0,0,0,0,0,0
28049,Mississippi,Hinds,0,0,0,0,0,0,0
20175,Kansas,Seward,0,0,0,0,0,0,0
16001,Idaho,Ada,0,0,0,0,0,0,0
25015,Massachusetts,Hampshire,0,0,0,0,0,0,0
40139,Oklahoma,Texas,0,0,0,0,0,0,0
9013,Connecticut,Tolland,0,0,0,0,0,0,0
12105,Florida,Polk,0,0,0,0,0,0,0
18039,Indiana,Elkhart,0,0,0,0,0,0,0
22005,Louisiana,Ascension,0,0,0,0,0,0,0
47165,Tennessee,Sumner,0,0,0,0,0,0,0
13057,Georgia,Cherokee,0,0,0,0,0,0,0
22057,Louisiana,Lafourche,0,0,0,0,0,0,0
22105,Louisiana,Tangipahoa,0,0,0,0,0,0,0
26077,Michigan,Kalamazoo,0,0,0,0,0,0,0
37067,North Carolina,Forsyth,0,0,0,0,0,0,0
4021,Arizona,Pinal,0,0,0,0,0,0,0
5119,Arkansas,Pulaski,0,0,0,0,0,0,0
24025,Maryland,Harford,0,0,0,0,0,0,0
12033,Florida,Escambia,0,0,0,0,0,0,0
24013,Maryland,Carroll,0,0,0,0,0,0,0
6077,California,San Joaquin,0,0,0,0,0,0,0
29183,Missouri,St. Charles,0,0,0,0,0,0,0
48167,Texas,Galveston,0,0,0,0,0,0,0
51001,Virginia,Accomack,0,0,0,0,0,0,0
51683,Virginia,Manassas city,0,0,0,0,0,0,0
20091,Kansas,Johnson,0,0,0,0,0,0,0
51660,Virginia,Harrisonburg city,0,0,0,0,0,0,0
39017,Ohio,Butler,0,0,0,0,0,0,0
26065,Michigan,Ingham,0,0,0,0,0,0,0
48061,Texas,Cameron,0,0,0,0,0,0,0
42055,Pennsylvania,Franklin,0,0,0,0,0,0,0
8035,Colorado,Douglas,0,0,0,0,0,0,0
41067,Oregon,Washington,0,0,0,0,0,0,0
1095,Alabama,Marshall,0,0,0,0,0,0,0
12097,Florida,Osceola,0,0,0,0,0,0,0
17093,Illinois,Kendall,0,0,0,0,0,0,0
36093,New York,Schenectady,0,0,0,0,0,0,0
48303,Texas,Lubbock,0,0,0,0,0,0,0
48381,Texas,Randall,0,0,0,0,0,0,0
39093,Ohio,Lorain,0,0,0,0,0,0,0
39151,Ohio,Stark,0,0,0,0,0,0,0
12127,Florida,Volusia,0,0,0,0,0,0,0
26139,Michigan,Ottawa,0,0,0,0,0,0,0
28075,Mississippi,Lauderdale,0,0,0,0,0,0,0
13151,Georgia,Henry,0,0,0,0,0,0,0
22089,Louisiana,St. Charles,0,0,0,0,0,0,0
22055,Louisiana,Lafayette,0,0,0,0,0,0,0
47007,Tennessee,Bledsoe,0,0,0,0,0,0,0
17161,Illinois,Rock Island,0,0,0,0,0,0,0
37155,North Carolina,Robeson,0,0,0,0,0,0,0
6099,California,Stanislaus,0,0,0,0,0,0,0
22109,Louisiana,Terrebonne,0,0,0,0,0,0,0
53021,Washington,Franklin,0,0,0,0,0,0,0
21067,Kentucky,Fayette,0,0,0,0,0,0,0
8087,Colorado,Morgan,0,0,0,0,0,0,0
19103,Iowa,Johnson,0,0,0,0,0,0,0
48341,Texas,Moore,0,0,0,0,0,0,0
18095,Indiana,Madison,0,0,0,0,0,0,0
28089,Mississippi,Madison,0,0,0,0,0,0,0
8037,Colorado,Eagle,0,0,0,0,0,0,0
37159,North Carolina,Rowan,0,0,0,0,0,0,0
28123,Mississippi,Scott,0,0,0,0,0,0,0
55025,Wisconsin,Dane,0,0,0,0,0,0,0
51810,Virginia,Virginia Beach city,0,0,0,0,0,0,0
29021,Missouri,Bucha0,0,0,0,0,0,0,0
31037,Nebraska,Colfax,0,0,0,0,0,0,0
26021,Michigan,Berrien,0,0,0,0,0,0,0
48471,Texas,Walker,0,0,0,0,0,0,0
45041,South Carolina,Florence,0,0,0,0,0,0,0
42041,Pennsylvania,Cumberland,0,0,0,0,0,0,0
37037,North Carolina,Chatham,0,0,0,0,0,0,0
42107,Pennsylvania,Schuylkill,0,0,0,0,0,0,0
20173,Kansas,Sedgwick,0,0,0,0,0,0,0
39113,Ohio,Montgomery,0,0,0,0,0,0,0
42007,Pennsylvania,Beaver,0,0,0,0,0,0,0
12115,Florida,Sarasota,0,0,0,0,0,0,0
19139,Iowa,Muscatine,0,0,0,0,0,0,0
22047,Louisiana,Iberville,0,0,0,0,0,0,0
34009,New Jersey,Cape May,0,0,0,0,0,0,0
26121,Michigan,Muskegon,0,0,0,0,0,0,0
22019,Louisiana,Calcasieu,0,0,0,0,0,0,0
35043,New Mexico,Sandoval,0,0,0,0,0,0,0
45063,South Carolina,Lexington,0,0,0,0,0,0,0
22087,Louisiana,St. Bernard,0,0,0,0,0,0,0
22079,Louisiana,Rapides,0,0,0,0,0,0,0
45019,South Carolina,Charleston,0,0,0,0,0,0,0
51179,Virginia,Stafford,0,0,0,0,0,0,0
55133,Wisconsin,Waukesha,0,0,0,0,0,0,0
48491,Texas,Williamson,0,0,0,0,0,0,0
8069,Colorado,Larimer,0,0,0,0,0,0,0
16013,Idaho,Blaine,0,0,0,0,0,0,0
31141,Nebraska,Platte,0,0,0,0,0,0,0
37051,North Carolina,Cumberland,0,0,0,0,0,0,0
17119,Illinois,Madison,0,0,0,0,0,0,0
13245,Georgia,Richmond,0,0,0,0,0,0,0
25003,Massachusetts,Berkshire,0,0,0,0,0,0,0
5069,Arkansas,Jefferson,0,0,0,0,0,0,0
51047,Virginia,Culpeper,0,0,0,0,0,0,0
47187,Tennessee,Williamson,0,0,0,0,0,0,0
48479,Texas,Webb,0,0,0,0,0,0,0
8075,Colorado,Logan,0,0,0,0,0,0,0
27109,Minnesota,Olmsted,0,0,0,0,0,0,0
21117,Kentucky,Kenton,0,0,0,0,0,0,0
37151,North Carolina,Randolph,0,0,0,0,0,0,0
34033,New Jersey,Salem,0,0,0,0,0,0,0
39155,Ohio,Trumbull,0,0,0,0,0,0,0
21177,Kentucky,Muhlenberg,0,0,0,0,0,0,0
17019,Illinois,Champaign,0,0,0,0,0,0,0
40027,Oklahoma,Cleveland,0,0,0,0,0,0,0
48245,Texas,Jefferson,0,0,0,0,0,0,0
13137,Georgia,Habersham,0,0,0,0,0,0,0
37061,North Carolina,Duplin,0,0,0,0,0,0,0
42103,Pennsylvania,Pike,0,0,0,0,0,0,0
48215,Texas,Hidalgo,0,0,0,0,0,0,0
29095,Missouri,Jackson,0,0,0,0,0,0,0
44009,Rhode Island,Washington,0,0,0,0,0,0,0
1081,Alabama,Lee,0,0,0,0,0,0,0
39029,Ohio,Columbiana,0,0,0,0,0,0,0
13215,Georgia,Muscogee,0,0,0,0,0,0,0
36083,New York,Rensselaer,0,0,0,0,0,0,0
13097,Georgia,Douglas,0,0,0,0,0,0,0
18005,Indiana,Bartholomew,0,0,0,0,0,0,0
28099,Mississippi,Neshoba,0,0,0,0,0,0,0
55105,Wisconsin,Rock,0,0,0,0,0,0,0
37193,North Carolina,Wilkes,0,0,0,0,0,0,0
4027,Arizona,Yuma,0,0,0,0,0,0,0
31151,Nebraska,Saline,0,0,0,0,0,0,0
47065,Tennessee,Hamilton,0,0,0,0,0,0,0
18019,Indiana,Clark,0,0,0,0,0,0,0
12117,Florida,Seminole,0,0,0,0,0,0,0
6095,California,Solano,0,0,0,0,0,0,0
50007,Vermont,Chittenden,0,0,0,0,0,0,0
26115,Michigan,Monroe,0,0,0,0,0,0,0
28035,Mississippi,Forrest,0,0,0,0,0,0,0
36091,New York,Saratoga,0,0,0,0,0,0,0
36007,New York,Broome,0,0,0,0,0,0,0
13117,Georgia,Forsyth,0,0,0,0,0,0,0
42129,Pennsylvania,Westmoreland,0,0,0,0,0,0,0
1125,Alabama,Tuscaloosa,0,0,0,0,0,0,0
18127,Indiana,Porter,0,0,0,0,0,0,0
18145,Indiana,Shelby,0,0,0,0,0,0,0
27067,Minnesota,Kandiyohi,0,0,0,0,0,0,0
53057,Washington,Skagit,0,0,0,0,0,0,0
13045,Georgia,Carroll,0,0,0,0,0,0,0
13261,Georgia,Sumter,0,0,0,0,0,0,0
53063,Washington,Spokane,0,0,0,0,0,0,0
26075,Michigan,Jackson,0,0,0,0,0,0,0
19047,Iowa,Crawford,0,0,0,0,0,0,0
19179,Iowa,Wapello,0,0,0,0,0,0,0
12085,Florida,Martin,0,0,0,0,0,0,0
13015,Georgia,Bartow,0,0,0,0,0,0,0
26147,Michigan,St. Clair,0,0,0,0,0,0,0
51029,Virginia,Buckingham,0,0,0,0,0,0,0
28033,Mississippi,DeSoto,0,0,0,0,0,0,0
6031,California,Kings,0,0,0,0,0,0,0
15003,Hawaii,Honolulu,0,0,0,0,0,0,0
45083,South Carolina,Spartanburg,0,0,0,0,0,0,0
53011,Washington,Clark,0,0,0,0,0,0,0
1117,Alabama,Shelby,0,0,0,0,0,0,0
27163,Minnesota,Washington,0,0,0,0,0,0,0
51165,Virginia,Rockingham,0,0,0,0,0,0,0
6097,California,Sonoma,0,0,0,0,0,0,0
13021,Georgia,Bibb,0,0,0,0,0,0,0
47167,Tennessee,Tipton,0,0,0,0,0,0,0
49043,Utah,Summit,0,0,0,0,0,0,0
51550,Virginia,Chesapeake city,0,0,0,0,0,0,0
48441,Texas,Taylor,0,0,0,0,0,0,0
1059,Alabama,Franklin,0,0,0,0,0,0,0
12015,Florida,Charlotte,0,0,0,0,0,0,0
13205,Georgia,Mitchell,0,0,0,0,0,0,0
37025,North Carolina,Cabarrus,0,0,0,0,0,0,0
13051,Georgia,Chatham,0,0,0,0,0,0,0
26093,Michigan,Livingston,0,0,0,0,0,0,0
49011,Utah,Davis,0,0,0,0,0,0,0
31153,Nebraska,Sarpy,0,0,0,0,0,0,0
1123,Alabama,Tallapoosa,0,0,0,0,0,0,0
22117,Louisiana,Washington,0,0,0,0,0,0,0
19171,Iowa,Tama,0,0,0,0,0,0,0
12009,Florida,Brevard,0,0,0,0,0,0,0
20111,Kansas,Lyon,0,0,0,0,0,0,0
37179,North Carolina,Union,0,0,0,0,0,0,0
51710,Virginia,Norfolk city,0,0,0,0,0,0,0
28079,Mississippi,Leake,0,0,0,0,0,0,0
18091,Indiana,LaPorte,0,0,0,0,0,0,0
28067,Mississippi,Jones,0,0,0,0,0,0,0
5123,Arkansas,St. Francis,0,0,0,0,0,0,0
24043,Maryland,Washington,0,0,0,0,0,0,0
21015,Kentucky,Boone,0,0,0,0,0,0,0
48041,Texas,Brazos,0,0,0,0,0,0,0
22045,Louisiana,Iberia,0,0,0,0,0,0,0
53073,Washington,Whatcom,0,0,0,0,0,0,0
22063,Louisiana,Livingston,0,0,0,0,0,0,0
22015,Louisiana,Bossier,0,0,0,0,0,0,0
39013,Ohio,Belmont,0,0,0,0,0,0,0
51177,Virginia,Spotsylvania,0,0,0,0,0,0,0
6053,California,Monterey,0,0,0,0,0,0,0
36021,New York,Columbia,0,0,0,0,0,0,0
13177,Georgia,Lee,0,0,0,0,0,0,0
51171,Virginia,She0doah,0,0,0,0,0,0,0
12001,Florida,Alachua,0,0,0,0,0,0,0
6041,California,Marin,0,0,0,0,0,0,0
18071,Indiana,Jackson,0,0,0,0,0,0,0
37105,North Carolina,Lee,0,0,0,0,0,0,0
16083,Idaho,Twin Falls,0,0,0,0,0,0,0
24037,Maryland,St. Mary's,0,0,0,0,0,0,0
42037,Pennsylvania,Columbia,0,0,0,0,0,0,0
47189,Tennessee,Wilson,0,0,0,0,0,0,0
39109,Ohio,Miami,0,0,0,0,0,0,0
12111,Florida,St. Lucie,0,0,0,0,0,0,0
18067,Indiana,Howard,0,0,0,0,0,0,0
12019,Florida,Clay,0,0,0,0,0,0,0
18157,Indiana,Tippecanoe,0,0,0,0,0,0,0
35013,New Mexico,Do√±a Ana,0,0,0,0,0,0,0
1017,Alabama,Chambers,0,0,0,0,0,0,0
29099,Missouri,Jefferson,0,0,0,0,0,0,0
9015,Connecticut,Windham,0,0,0,0,0,0,0
12101,Florida,Pasco,0,0,0,0,0,0,0
24015,Maryland,Cecil,0,0,0,0,0,0,0
27027,Minnesota,Clay,0,0,0,0,0,0,0
47093,Tennessee,Knox,0,0,0,0,0,0,0
13153,Georgia,Houston,0,0,0,0,0,0,0
17007,Illinois,Boone,0,0,0,0,0,0,0
45085,South Carolina,Sumter,0,0,0,0,0,0,0
17167,Illinois,Sangamon,0,0,0,0,0,0,0
19115,Iowa,Louisa,0,0,0,0,0,0,0
19163,Iowa,Scott,0,0,0,0,0,0,0
26025,Michigan,Calhoun,0,0,0,0,0,0,0
28051,Mississippi,Holmes,0,0,0,0,0,0,0
38035,North Dakota,Grand Forks,0,0,0,0,0,0,0
45091,South Carolina,York,0,0,0,0,0,0,0
23031,Maine,York,0,0,0,0,0,0,0
37057,North Carolina,Davidson,0,0,0,0,0,0,0
45051,South Carolina,Horry,0,0,0,0,0,0,0
1013,Alabama,Butler,0,0,0,0,0,0,0
28121,Mississippi,Rankin,0,0,0,0,0,0,0
25011,Massachusetts,Franklin,0,0,0,0,0,0,0
18043,Indiana,Floyd,0,0,0,0,0,0,0
18059,Indiana,Hancock,0,0,0,0,0,0,0
12073,Florida,Leon,0,0,0,0,0,0,0
40147,Oklahoma,Washington,0,0,0,0,0,0,0
45013,South Carolina,Beaufort,0,0,0,0,0,0,0
13275,Georgia,Thomas,0,0,0,0,0,0,0
37089,North Carolina,Henderson,0,0,0,0,0,0,0
39133,Ohio,Portage,0,0,0,0,0,0,0
47147,Tennessee,Robertson,0,0,0,0,0,0,0
18035,Indiana,Delaware,0,0,0,0,0,0,0
19061,Iowa,Dubuque,0,0,0,0,0,0,0
13009,Georgia,Baldwin,0,0,0,0,0,0,0
21059,Kentucky,Daviess,0,0,0,0,0,0,0
55127,Wisconsin,Walworth,0,0,0,0,0,0,0
27131,Minnesota,Rice,0,0,0,0,0,0,0
36053,New York,Madison,0,0,0,0,0,0,0
39165,Ohio,Warren,0,0,0,0,0,0,0
27139,Minnesota,Scott,0,0,0,0,0,0,0
33013,New Hampshire,Merrimack,0,0,0,0,0,0,0
45027,South Carolina,Clarendon,0,0,0,0,0,0,0
31119,Nebraska,Madison,0,0,0,0,0,0,0
37135,North Carolina,Orange,0,0,0,0,0,0,0
28059,Mississippi,Jackson,0,0,0,0,0,0,0
13077,Georgia,Coweta,0,0,0,0,0,0,0
47141,Tennessee,Putnam,0,0,0,0,0,0,0
1089,Alabama,Madison,0,0,0,0,0,0,0
22093,Louisiana,St. James,0,0,0,0,0,0,0
41005,Oregon,Clackamas,0,0,0,0,0,0,0
18011,Indiana,Boone,0,0,0,0,0,0,0
31053,Nebraska,Dodge,0,0,0,0,0,0,0
22101,Louisiana,St. Mary,0,0,0,0,0,0,0
39157,Ohio,Tuscarawas,0,0,0,0,0,0,0
16027,Idaho,Canyon,0,0,0,0,0,0,0
39041,Ohio,Delaware,0,0,0,0,0,0,0
17037,Illinois,DeKalb,0,0,0,0,0,0,0
37101,North Carolina,Johnston,0,0,0,0,0,0,0
13217,Georgia,Newton,0,0,0,0,0,0,0
22099,Louisiana,St. Martin,0,0,0,0,0,0,0
45055,South Carolina,Kershaw,0,0,0,0,0,0,0
22041,Louisiana,Franklin,0,0,0,0,0,0,0
51800,Virginia,Suffolk city,0,0,0,0,0,0,0
4025,Arizona,Yavapai,0,0,0,0,0,0,0
37163,North Carolina,Sampson,0,0,0,0,0,0,0
13013,Georgia,Barrow,0,0,0,0,0,0,0
1003,Alabama,Baldwin,0,0,0,0,0,0,0
4015,Arizona,Mohave,0,0,0,0,0,0,0
13293,Georgia,Upson,0,0,0,0,0,0,0
48027,Texas,Bell,0,0,0,0,0,0,0
48139,Texas,Ellis,0,0,0,0,0,0,0
51159,Virginia,Richmond,0,0,0,0,0,0,0
13071,Georgia,Colquitt,0,0,0,0,0,0,0
22001,Louisiana,Acadia,0,0,0,0,0,0,0
13223,Georgia,Paulding,0,0,0,0,0,0,0
12069,Florida,Lake,0,0,0,0,0,0,0
24009,Maryland,Calvert,0,0,0,0,0,0,0
28007,Mississippi,Attala,0,0,0,0,0,0,0
18109,Indiana,Morgan,0,0,0,0,0,0,0
47003,Tennessee,Bedford,0,0,0,0,0,0,0
29195,Missouri,Saline,0,0,0,0,0,0,0
31001,Nebraska,Adams,0,0,0,0,0,0,0
37195,North Carolina,Wilson,0,0,0,0,0,0,0
48355,Texas,Nueces,0,0,0,0,0,0,0
26017,Michigan,Bay,0,0,0,0,0,0,0
37085,North Carolina,Harnett,0,0,0,0,0,0,0
39173,Ohio,Wood,0,0,0,0,0,0,0
12119,Florida,Sumter,0,0,0,0,0,0,0
37047,North Carolina,Columbus,0,0,0,0,0,0,0
13247,Georgia,Rockdale,0,0,0,0,0,0,0
13255,Georgia,Spalding,0,0,0,0,0,0,0
19099,Iowa,Jasper,0,0,0,0,0,0,0
51061,Virginia,Fauquier,0,0,0,0,0,0,0
5035,Arkansas,Crittenden,0,0,0,0,0,0,0
39007,Ohio,Ashtabula,0,0,0,0,0,0,0
48209,Texas,Hays,0,0,0,0,0,0,0
6079,California,San Luis Obispo,0,0,0,0,0,0,0
17157,Illinois,Randolph,0,0,0,0,0,0,0
26155,Michigan,Shiawassee,0,0,0,0,0,0,0
49037,Utah,San Juan,0,0,0,0,0,0,0
22111,Louisiana,Union,0,0,0,0,0,0,0
54003,West Virginia,Berkeley,0,0,0,0,0,0,0
12039,Florida,Gadsden,0,0,0,0,0,0,0
48347,Texas,Nacogdoches,0,0,0,0,0,0,0
33017,New Hampshire,Strafford,0,0,0,0,0,0,0
51740,Virginia,Portsmouth city,0,0,0,0,0,0,0
51085,Virginia,Hanover,0,0,0,0,0,0,0
22097,Louisiana,St. Landry,0,0,0,0,0,0,0
36101,New York,Steuben,0,0,0,0,0,0,0
39103,Ohio,Medina,0,0,0,0,0,0,0
13099,Georgia,Early,0,0,0,0,0,0,0
36113,New York,Warren,0,0,0,0,0,0,0
39085,Ohio,Lake,0,0,0,0,0,0,0
51069,Virginia,Frederick,0,0,0,0,0,0,0
12109,Florida,St. Johns,0,0,0,0,0,0,0
22007,Louisiana,Assumption,0,0,0,0,0,0,0
49057,Utah,Weber,0,0,0,0,0,0,0
56013,Wyoming,Fremont,0,0,0,0,0,0,0
45031,South Carolina,Darlington,0,0,0,0,0,0,0
39055,Ohio,Geauga,0,0,0,0,0,0,0
18031,Indiana,Decatur,0,0,0,0,0,0,0
37001,North Carolina,Alamance,0,0,0,0,0,0,0
40031,Oklahoma,Comanche,0,0,0,0,0,0,0
12051,Florida,Hendry,0,0,0,0,0,0,0
12083,Florida,Marion,0,0,0,0,0,0,0
22031,Louisiana,De Soto,0,0,0,0,0,0,0
37147,North Carolina,Pitt,0,0,0,0,0,0,0
18163,Indiana,Vanderburgh,0,0,0,0,0,0,0
1051,Alabama,Elmore,0,0,0,0,0,0,0
13185,Georgia,Lowndes,0,0,0,0,0,0,0
28095,Mississippi,Monroe,0,0,0,0,0,0,0
53025,Washington,Grant,0,0,0,0,0,0,0
48099,Texas,Coryell,0,0,0,0,0,0,0
1055,Alabama,Etowah,0,0,0,0,0,0,0
6047,California,Merced,0,0,0,0,0,0,0
28085,Mississippi,Lincoln,0,0,0,0,0,0,0
36115,New York,Washington,0,0,0,0,0,0,0
8101,Colorado,Pueblo,0,0,0,0,0,0,0
28047,Mississippi,Harrison,0,0,0,0,0,0,0
42025,Pennsylvania,Carbon,0,0,0,0,0,0,0
21107,Kentucky,Hopkins,0,0,0,0,0,0,0
49053,Utah,Washington,0,0,0,0,0,0,0
20177,Kansas,Shawnee,0,0,0,0,0,0,0
21031,Kentucky,Butler,0,0,0,0,0,0,0
39045,Ohio,Fairfield,0,0,0,0,0,0,0
49051,Utah,Wasatch,0,0,0,0,0,0,0
47125,Tennessee,Montgomery,0,0,0,0,0,0,0
8014,Colorado,Broomfield,0,0,0,0,0,0,0
13113,Georgia,Fayette,0,0,0,0,0,0,0
13285,Georgia,Troup,0,0,0,0,0,0,0
36039,New York,Greene,0,0,0,0,0,0,0
42061,Pennsylvania,Huntingdon,0,0,0,0,0,0,0
13073,Georgia,Columbia,0,0,0,0,0,0,0
45007,South Carolina,Anderson,0,0,0,0,0,0,0
28029,Mississippi,Copiah,0,0,0,0,0,0,0
46013,South Dakota,Brown,0,0,0,0,0,0,0
51700,Virginia,Newport News city,0,0,0,0,0,0,0
13069,Georgia,Coffee,0,0,0,0,0,0,0
24011,Maryland,Caroline,0,0,0,0,0,0,0
37023,North Carolina,Burke,0,0,0,0,0,0,0
37071,North Carolina,Gaston,0,0,0,0,0,0,0
39169,Ohio,Wayne,0,0,0,0,0,0,0
46083,South Dakota,Lincoln,0,0,0,0,0,0,0
13115,Georgia,Floyd,0,0,0,0,0,0,0
37077,North Carolina,Granville,0,0,0,0,0,0,0
42019,Pennsylvania,Butler,0,0,0,0,0,0,0
2020,Alaska,Anchorage,0,0,0,0,0,0,0
51685,Virginia,Manassas Park city,0,0,0,0,0,0,0
1049,Alabama,DeKalb,0,0,0,0,0,0,0
13313,Georgia,Whitfield,0,0,0,0,0,0,0
13321,Georgia,Worth,0,0,0,0,0,0,0
28101,Mississippi,Newton,0,0,0,0,0,0,0
44005,Rhode Island,Newport,0,0,0,0,0,0,0
48203,Texas,Harrison,0,0,0,0,0,0,0
13035,Georgia,Butts,0,0,0,0,0,0,0
28073,Mississippi,Lamar,0,0,0,0,0,0,0
28083,Mississippi,Leflore,0,0,0,0,0,0,0
45015,South Carolina,Berkeley,0,0,0,0,0,0,0
51131,Virginia,Northampton,0,0,0,0,0,0,0
54039,West Virginia,Kanawha,0,0,0,0,0,0,0
18053,Indiana,Grant,0,0,0,0,0,0,0
13081,Georgia,Crisp,0,0,0,0,0,0,0
13273,Georgia,Terrell,0,0,0,0,0,0,0
37097,North Carolina,Iredell,0,0,0,0,0,0,0
37181,North Carolina,Vance,0,0,0,0,0,0,0
13059,Georgia,Clarke,0,0,0,0,0,0,0
12077,Florida,Liberty,0,0,0,0,0,0,0
48181,Texas,Grayson,0,0,0,0,0,0,0
27171,Minnesota,Wright,0,0,0,0,0,0,0
44001,Rhode Island,Bristol,0,0,0,0,0,0,0
12113,Florida,Santa Rosa,0,0,0,0,0,0,0
22075,Louisiana,Plaquemines,0,0,0,0,0,0,0
28109,Mississippi,Pearl River,0,0,0,0,0,0,0
39089,Ohio,Licking,0,0,0,0,0,0,0
42001,Pennsylvania,Adams,0,0,0,0,0,0,0
36089,New York,St. Lawrence,0,0,0,0,0,0,0
48423,Texas,Smith,0,0,0,0,0,0,0
8117,Colorado,Summit,0,0,0,0,0,0,0
13277,Georgia,Tift,0,0,0,0,0,0,0
28163,Mississippi,Yazoo,0,0,0,0,0,0,0
18107,Indiana,Montgomery,0,0,0,0,0,0,0
22125,Louisiana,West Feliciana,0,0,0,0,0,0,0
13299,Georgia,Ware,0,0,0,0,0,0,0
17113,Illinois,McLean,0,0,0,0,0,0,0
26005,Michigan,Allegan,0,0,0,0,0,0,0
51095,Virginia,James City,0,0,0,0,0,0,0
18177,Indiana,Wayne,0,0,0,0,0,0,0
18181,Indiana,White,0,0,0,0,0,0,0
17077,Illinois,Jackson,0,0,0,0,0,0,0
53007,Washington,Chelan,0,0,0,0,0,0,0
28113,Mississippi,Pike,0,0,0,0,0,0,0
48477,Texas,Washington,0,0,0,0,0,0,0
6113,California,Yolo,0,0,0,0,0,0,0
19155,Iowa,Pottawattamie,0,0,0,0,0,0,0
23001,Maine,Androscoggin,0,0,0,0,0,0,0
1031,Alabama,Coffee,0,0,0,0,0,0,0
17141,Illinois,Ogle,0,0,0,0,0,0,0
36035,New York,Fulton,0,0,0,0,0,0,0
36037,New York,Genesee,0,0,0,0,0,0,0
12091,Florida,Okaloosa,0,0,0,0,0,0,0
37021,North Carolina,Buncombe,0,0,0,0,0,0,0
45089,South Carolina,Williamsburg,0,0,0,0,0,0,0
47069,Tennessee,Hardeman,0,0,0,0,0,0,0
26087,Michigan,Lapeer,0,0,0,0,0,0,0
56021,Wyoming,Laramie,0,0,0,0,0,0,0
53029,Washington,Island,0,0,0,0,0,0,0
22037,Louisiana,East Feliciana,0,0,0,0,0,0,0
22077,Louisiana,Pointe Coupee,0,0,0,0,0,0,0
27141,Minnesota,Sherburne,0,0,0,0,0,0,0
28001,Mississippi,Adams,0,0,0,0,0,0,0
51117,Virginia,Mecklenburg,0,0,0,0,0,0,0
6061,California,Placer,0,0,0,0,0,0,0
19167,Iowa,Sioux,0,0,0,0,0,0,0
48419,Texas,Shelby,0,0,0,0,0,0,0
8051,Colorado,Gunnison,0,0,0,0,0,0,0
17115,Illinois,Macon,0,0,0,0,0,0,0
18061,Indiana,Harrison,0,0,0,0,0,0,0
45061,South Carolina,Lee,0,0,0,0,0,0,0
26157,Michigan,Tuscola,0,0,0,0,0,0,0
37065,North Carolina,Edgecombe,0,0,0,0,0,0,0
48037,Texas,Bowie,0,0,0,0,0,0,0
19183,Iowa,Washington,0,0,0,0,0,0,0
48183,Texas,Gregg,0,0,0,0,0,0,0
1047,Alabama,Dallas,0,0,0,0,0,0,0
13297,Georgia,Walton,0,0,0,0,0,0,0
39003,Ohio,Allen,0,0,0,0,0,0,0
12063,Florida,Jackson,0,0,0,0,0,0,0
36073,New York,Orleans,0,0,0,0,0,0,0
13243,Georgia,Randolph,0,0,0,0,0,0,0
24047,Maryland,Worcester,0,0,0,0,0,0,0
36069,New York,Ontario,0,0,0,0,0,0,0
12035,Florida,Flagler,0,0,0,0,0,0,0
13141,Georgia,Hancock,0,0,0,0,0,0,0
6087,California,Santa Cruz,0,0,0,0,0,0,0
26045,Michigan,Eaton,0,0,0,0,0,0,0
17027,Illinois,Clinton,0,0,0,0,0,0,0
17143,Illinois,Peoria,0,0,0,0,0,0,0
26059,Michigan,Hillsdale,0,0,0,0,0,0,0
18055,Indiana,Greene,0,0,0,0,0,0,0
24001,Maryland,Allegany,0,0,0,0,0,0,0
37093,North Carolina,Hoke,0,0,0,0,0,0,0
39023,Ohio,Clark,0,0,0,0,0,0,0
39139,Ohio,Richland,0,0,0,0,0,0,0
51139,Virginia,Page,0,0,0,0,0,0,0
48257,Texas,Kaufman,0,0,0,0,0,0,0
51650,Virginia,Hampton city,0,0,0,0,0,0,0
1119,Alabama,Sumter,0,0,0,0,0,0,0
1127,Alabama,Walker,0,0,0,0,0,0,0
18023,Indiana,Clinton,0,0,0,0,0,0,0
37107,North Carolina,Lenoir,0,0,0,0,0,0,0
48365,Texas,Panola,0,0,0,0,0,0,0
5007,Arkansas,Benton,0,0,0,0,0,0,0
13093,Georgia,Dooly,0,0,0,0,0,0,0
42049,Pennsylvania,Erie,0,0,0,0,0,0,0
55131,Wisconsin,Washington,0,0,0,0,0,0,0
18037,Indiana,Dubois,0,0,0,0,0,0,0
39107,Ohio,Mercer,0,0,0,0,0,0,0
47113,Tennessee,Madison,0,0,0,0,0,0,0
17177,Illinois,Stephenson,0,0,0,0,0,0,0
48251,Texas,Johnson,0,0,0,0,0,0,0
53035,Washington,Kitsap,0,0,0,0,0,0,0
12121,Florida,Suwannee,0,0,0,0,0,0,0
39025,Ohio,Clermont,0,0,0,0,0,0,0
45003,South Carolina,Aiken,0,0,0,0,0,0,0
18029,Indiana,Dearborn,0,0,0,0,0,0,0
37127,North Carolina,Nash,0,0,0,0,0,0,0
22003,Louisiana,Allen,0,0,0,0,0,0,0
48469,Texas,Victoria,0,0,0,0,0,0,0
18113,Indiana,Noble,0,0,0,0,0,0,0
37161,North Carolina,Rutherford,0,0,0,0,0,0,0
1085,Alabama,Lowndes,0,0,0,0,0,0,0
18173,Indiana,Warrick,0,0,0,0,0,0,0
5143,Arkansas,Washington,0,0,0,0,0,0,0
18105,Indiana,Monroe,0,0,0,0,0,0,0
48005,Texas,Angelina,0,0,0,0,0,0,0
5031,Arkansas,Craighead,0,0,0,0,0,0,0
12047,Florida,Hamilton,0,0,0,0,0,0,0
55087,Wisconsin,Outagamie,0,0,0,0,0,0,0
21083,Kentucky,Graves,0,0,0,0,0,0,0
42081,Pennsylvania,Lycoming,0,0,0,0,0,0,0
48021,Texas,Bastrop,0,0,0,0,0,0,0
42097,Pennsylvania,Northumberland,0,0,0,0,0,0,0
1069,Alabama,Houston,0,0,0,0,0,0,0
22121,Louisiana,West Baton Rouge,0,0,0,0,0,0,0
30031,Montana,Gallatin,0,0,0,0,0,0,0
27009,Minnesota,Benton,0,0,0,0,0,0,0
55039,Wisconsin,Fond du Lac,0,0,0,0,0,0,0
24029,Maryland,Kent,0,0,0,0,0,0,0
28103,Mississippi,Noxubee,0,0,0,0,0,0,0
36109,New York,Tompkins,0,0,0,0,0,0,0
48397,Texas,Rockwall,0,0,0,0,0,0,0
18065,Indiana,Henry,0,0,0,0,0,0,0
48449,Texas,Titus,0,0,0,0,0,0,0
51003,Virginia,Albemarle,0,0,0,0,0,0,0
18093,Indiana,Lawrence,0,0,0,0,0,0,0
21183,Kentucky,Ohio,0,0,0,0,0,0,0
13087,Georgia,Decatur,0,0,0,0,0,0,0
26091,Michigan,Lenawee,0,0,0,0,0,0,0
28151,Mississippi,Washington,0,0,0,0,0,0,0
45039,South Carolina,Fairfield,0,0,0,0,0,0,0
48117,Texas,Deaf Smith,0,0,0,0,0,0,0
13157,Georgia,Jackson,0,0,0,0,0,0,0
21037,Kentucky,Campbell,0,0,0,0,0,0,0
37129,North Carolina,New Hanover,0,0,0,0,0,0,0
40145,Oklahoma,Wagoner,0,0,0,0,0,0,0
51175,Virginia,Southampton,0,0,0,0,0,0,0
1001,Alabama,Autauga,0,0,0,0,0,0,0
1015,Alabama,Calhoun,0,0,0,0,0,0,0
8085,Colorado,Montrose,0,0,0,0,0,0,0
26037,Michigan,Clinton,0,0,0,0,0,0,0
28149,Mississippi,Warren,0,0,0,0,0,0,0
29071,Missouri,Franklin,0,0,0,0,0,0,0
31019,Nebraska,Buffalo,0,0,0,0,0,0,0
12107,Florida,Putnam,0,0,0,0,0,0,0
24035,Maryland,Queen Anne's,0,0,0,0,0,0,0
28087,Mississippi,Lowndes,0,0,0,0,0,0,0
37049,North Carolina,Craven,0,0,0,0,0,0,0
45033,South Carolina,Dillon,0,0,0,0,0,0,0
51770,Virginia,Roanoke city,0,0,0,0,0,0,0
54035,West Virginia,Jackson,0,0,0,0,0,0,0
13129,Georgia,Gordon,0,0,0,0,0,0,0
18103,Indiana,Miami,0,0,0,0,0,0,0
36015,New York,Chemung,0,0,0,0,0,0,0
39037,Ohio,Darke,0,0,0,0,0,0,0
55139,Wisconsin,Winnebago,0,0,0,0,0,0,0
42027,Pennsylvania,Centre,0,0,0,0,0,0,0
1103,Alabama,Morgan,0,0,0,0,0,0,0
28011,Mississippi,Bolivar,0,0,0,0,0,0,0
17195,Illinois,Whiteside,0,0,0,0,0,0,0
18133,Indiana,Putnam,0,0,0,0,0,0,0
27019,Minnesota,Carver,0,0,0,0,0,0,0
37069,North Carolina,Franklin,0,0,0,0,0,0,0
37131,North Carolina,Northampton,0,0,0,0,0,0,0
53017,Washington,Douglas,0,0,0,0,0,0,0
5051,Arkansas,Garland,0,0,0,0,0,0,0
17099,Illinois,LaSalle,0,0,0,0,0,0,0
19021,Iowa,Buena Vista,0,0,0,0,0,0,0
42125,Pennsylvania,Washington,0,0,0,0,0,0,0
48135,Texas,Ector,0,0,0,0,0,0,0
55089,Wisconsin,Ozaukee,0,0,0,0,0,0,0
1023,Alabama,Choctaw,0,0,0,0,0,0,0
18167,Indiana,Vigo,0,0,0,0,0,0,0
35049,New Mexico,Santa Fe,0,0,0,0,0,0,0
45081,South Carolina,Saluda,0,0,0,0,0,0,0
53067,Washington,Thurston,0,0,0,0,0,0,0
40015,Oklahoma,Caddo,0,0,0,0,0,0,0
29047,Missouri,Clay,0,0,0,0,0,0,0
37083,North Carolina,Halifax,0,0,0,0,0,0,0
47107,Tennessee,McMinn,0,0,0,0,0,0,0
48199,Texas,Hardin,0,0,0,0,0,0,0
17181,Illinois,Union,0,0,0,0,0,0,0
18117,Indiana,Orange,0,0,0,0,0,0,0
26067,Michigan,Ionia,0,0,0,0,0,0,0
39043,Ohio,Erie,0,0,0,0,0,0,0
18079,Indiana,Jennings,0,0,0,0,0,0,0
27091,Minnesota,Martin,0,0,0,0,0,0,0
28061,Mississippi,Jasper,0,0,0,0,0,0,0
37197,North Carolina,Yadkin,0,0,0,0,0,0,0
48329,Texas,Midland,0,0,0,0,0,0,0
13033,Georgia,Burke,0,0,0,0,0,0,0
22061,Louisiana,Lincoln,0,0,0,0,0,0,0
24019,Maryland,Dorchester,0,0,0,0,0,0,0
48277,Texas,Lamar,0,0,0,0,0,0,0
1109,Alabama,Pike,0,0,0,0,0,0,0
5139,Arkansas,Union,0,0,0,0,0,0,0
23011,Maine,Kennebec,0,0,0,0,0,0,0
28129,Mississippi,Smith,0,0,0,0,0,0,0
37153,North Carolina,Richmond,0,0,0,0,0,0,0
1111,Alabama,Randolph,0,0,0,0,0,0,0
28023,Mississippi,Clarke,0,0,0,0,0,0,0
38015,North Dakota,Burleigh,0,0,0,0,0,0,0
40017,Oklahoma,Canadian,0,0,0,0,0,0,0
51093,Virginia,Isle of Wight,0,0,0,0,0,0,0
17075,Illinois,Iroquois,0,0,0,0,0,0,0
22119,Louisiana,Webster,0,0,0,0,0,0,0
37125,North Carolina,Moore,0,0,0,0,0,0,0
1091,Alabama,Marengo,0,0,0,0,0,0,0
35035,New Mexico,Otero,0,0,0,0,0,0,0
36017,New York,Che0go,0,0,0,0,0,0,0
37035,North Carolina,Catawba,0,0,0,0,0,0,0
45035,South Carolina,Dorchester,0,0,0,0,0,0,0
54061,West Virginia,Monongalia,0,0,0,0,0,0,0
1077,Alabama,Lauderdale,0,0,0,0,0,0,0
13123,Georgia,Gilmer,0,0,0,0,0,0,0
13257,Georgia,Stephens,0,0,0,0,0,0,0
15009,Hawaii,Maui,0,0,0,0,0,0,0
28017,Mississippi,Chickasaw,0,0,0,0,0,0,0
28031,Mississippi,Covington,0,0,0,0,0,0,0
45075,South Carolina,Orangeburg,0,0,0,0,0,0,0
48253,Texas,Jones,0,0,0,0,0,0,0
1113,Alabama,Russell,0,0,0,0,0,0,0
19005,Iowa,Allamakee,0,0,0,0,0,0,0
26159,Michigan,Van Buren,0,0,0,0,0,0,0
27147,Minnesota,Steele,0,0,0,0,0,0,0
39167,Ohio,Washington,0,0,0,0,0,0,0
41017,Oregon,Deschutes,0,0,0,0,0,0,0
12017,Florida,Citrus,0,0,0,0,0,0,0
12023,Florida,Columbia,0,0,0,0,0,0,0
13001,Georgia,Appling,0,0,0,0,0,0,0
54037,West Virginia,Jefferson,0,0,0,0,0,0,0
8045,Colorado,Garfield,0,0,0,0,0,0,0
36107,New York,Tioga,0,0,0,0,0,0,0
48187,Texas,Guadalupe,0,0,0,0,0,0,0
35006,New Mexico,Cibola,0,0,0,0,0,0,0
55027,Wisconsin,Dodge,0,0,0,0,0,0,0
18047,Indiana,Franklin,0,0,0,0,0,0,0
28015,Mississippi,Carroll,0,0,0,0,0,0,0
29077,Missouri,Greene,0,0,0,0,0,0,0
36051,New York,Livingston,0,0,0,0,0,0,0
1033,Alabama,Colbert,0,0,0,0,0,0,0
16053,Idaho,Jerome,0,0,0,0,0,0,0
17187,Illinois,Warren,0,0,0,0,0,0,0
21085,Kentucky,Grayson,0,0,0,0,0,0,0
27137,Minnesota,St. Louis,0,0,0,0,0,0,0
27153,Minnesota,Todd,0,0,0,0,0,0,0
28069,Mississippi,Kemper,0,0,0,0,0,0,0
28071,Mississippi,Lafayette,0,0,0,0,0,0,0
28105,Mississippi,Oktibbeha,0,0,0,0,0,0,0
41043,Oregon,Linn,0,0,0,0,0,0,0
42127,Pennsylvania,Wayne,0,0,0,0,0,0,0
1093,Alabama,Marion,0,0,0,0,0,0,0
1131,Alabama,Wilcox,0,0,0,0,0,0,0
12061,Florida,Indian River,0,0,0,0,0,0,0
13207,Georgia,Monroe,0,0,0,0,0,0,0
22083,Louisiana,Richland,0,0,0,0,0,0,0
45057,South Carolina,Lancaster,0,0,0,0,0,0,0
12053,Florida,Her0do,0,0,0,0,0,0,0
12055,Florida,Highlands,0,0,0,0,0,0,0
18137,Indiana,Ripley,0,0,0,0,0,0,0
1065,Alabama,Hale,0,0,0,0,0,0,0
22025,Louisiana,Catahoula,0,0,0,0,0,0,0
29019,Missouri,Boone,0,0,0,0,0,0,0
53071,Washington,Walla Walla,0,0,0,0,0,0,0
41059,Oregon,Umatilla,0,0,0,0,0,0,0
45025,South Carolina,Chesterfield,0,0,0,0,0,0,0
51187,Virginia,Warren,0,0,0,0,0,0,0
39117,Ohio,Morrow,0,0,0,0,0,0,0
49045,Utah,Tooele,0,0,0,0,0,0,0
51840,Virginia,Winchester city,0,0,0,0,0,0,0
22069,Louisiana,Natchitoches,0,0,0,0,0,0,0
36117,New York,Wayne,0,0,0,0,0,0,0
4023,Arizona,Santa Cruz,0,0,0,0,0,0,0
18143,Indiana,Scott,0,0,0,0,0,0,0
37171,North Carolina,Surry,0,0,0,0,0,0,0
39097,Ohio,Madison,0,0,0,0,0,0,0
48309,Texas,McLen0,0,0,0,0,0,0,0
21029,Kentucky,Bullitt,0,0,0,0,0,0,0
21141,Kentucky,Logan,0,0,0,0,0,0,0
39033,Ohio,Crawford,0,0,0,0,0,0,0
51630,Virginia,Fredericksburg city,0,0,0,0,0,0,0
12087,Florida,Monroe,0,0,0,0,0,0,0
17081,Illinois,Jefferson,0,0,0,0,0,0,0
56039,Wyoming,Teton,0,0,0,0,0,0,0
26137,Michigan,Otsego,0,0,0,0,0,0,0
50011,Vermont,Franklin,0,0,0,0,0,0,0
51183,Virginia,Sussex,0,0,0,0,0,0,0
13315,Georgia,Wilcox,0,0,0,0,0,0,0
21047,Kentucky,Christian,0,0,0,0,0,0,0
21101,Kentucky,Henderson,0,0,0,0,0,0,0
27013,Minnesota,Blue Earth,0,0,0,0,0,0,0
37015,North Carolina,Bertie,0,0,0,0,0,0,0
12131,Florida,Walton,0,0,0,0,0,0,0
26023,Michigan,Branch,0,0,0,0,0,0,0
28091,Mississippi,Marion,0,0,0,0,0,0,0
45077,South Carolina,Pickens,0,0,0,0,0,0,0
47105,Tennessee,Loudon,0,0,0,0,0,0,0
1005,Alabama,Barbour,0,0,0,0,0,0,0
22009,Louisiana,Avoyelles,0,0,0,0,0,0,0
40041,Oklahoma,Delaware,0,0,0,0,0,0,0
42085,Pennsylvania,Mercer,0,0,0,0,0,0,0
54099,West Virginia,Wayne,0,0,0,0,0,0,0
1115,Alabama,St. Clair,0,0,0,0,0,0,0
5045,Arkansas,Faulkner,0,0,0,0,0,0,0
6055,California,Napa,0,0,0,0,0,0,0
13085,Georgia,Dawson,0,0,0,0,0,0,0
13193,Georgia,Macon,0,0,0,0,0,0,0
23019,Maine,Penobscot,0,0,0,0,0,0,0
28081,Mississippi,Lee,0,0,0,0,0,0,0
40087,Oklahoma,McClain,0,0,0,0,0,0,0
47047,Tennessee,Fayette,0,0,0,0,0,0,0
48179,Texas,Gray,0,0,0,0,0,0,0
13175,Georgia,Laurens,0,0,0,0,0,0,0
19149,Iowa,Plymouth,0,0,0,0,0,0,0
21001,Kentucky,Adair,0,0,0,0,0,0,0
22067,Louisiana,Morehouse,0,0,0,0,0,0,0
36019,New York,Clinton,0,0,0,0,0,0,0
41053,Oregon,Polk,0,0,0,0,0,0,0
42067,Pennsylvania,Juniata,0,0,0,0,0,0,0
47035,Tennessee,Cumberland,0,0,0,0,0,0,0
13131,Georgia,Grady,0,0,0,0,0,0,0
36043,New York,Herkimer,0,0,0,0,0,0,0
42051,Pennsylvania,Fayette,0,0,0,0,0,0,0
47021,Tennessee,Cheatham,0,0,0,0,0,0,0
47043,Tennessee,Dickson,0,0,0,0,0,0,0
47111,Tennessee,Macon,0,0,0,0,0,0,0
48323,Texas,Maverick,0,0,0,0,0,0,0
26149,Michigan,St. Joseph,0,0,0,0,0,0,0
40113,Oklahoma,Osage,0,0,0,0,0,0,0
13311,Georgia,White,0,0,0,0,0,0,0
26007,Michigan,Alpena,0,0,0,0,0,0,0
17095,Illinois,Knox,0,0,0,0,0,0,0
17133,Illinois,Monroe,0,0,0,0,0,0,0
22127,Louisiana,Winn,0,0,0,0,0,0,0
36075,New York,Oswego,0,0,0,0,0,0,0
37027,North Carolina,Caldwell,0,0,0,0,0,0,0
37139,North Carolina,Pasquotank,0,0,0,0,0,0,0
1025,Alabama,Clarke,0,0,0,0,0,0,0
19157,Iowa,Poweshiek,0,0,0,0,0,0,0
19181,Iowa,Warren,0,0,0,0,0,0,0
48185,Texas,Grimes,0,0,0,0,0,0,0
48361,Texas,Orange,0,0,0,0,0,0,0
6023,California,Humboldt,0,0,0,0,0,0,0
13187,Georgia,Lumpkin,0,0,0,0,0,0,0
17029,Illinois,Coles,0,0,0,0,0,0,0
21093,Kentucky,Hardin,0,0,0,0,0,0,0
29201,Missouri,Scott,0,0,0,0,0,0,0
48177,Texas,Gonzales,0,0,0,0,0,0,0
51015,Virginia,Augusta,0,0,0,0,0,0,0
51075,Virginia,Goochland,0,0,0,0,0,0,0
51161,Virginia,Roanoke,0,0,0,0,0,0,0
30111,Montana,Yellowstone,0,0,0,0,0,0,0
42115,Pennsylvania,Susquehanna,0,0,0,0,0,0,0
1063,Alabama,Greene,0,0,0,0,0,0,0
1107,Alabama,Pickens,0,0,0,0,0,0,0
12005,Florida,Bay,0,0,0,0,0,0,0
13233,Georgia,Polk,0,0,0,0,0,0,0
28025,Mississippi,Clay,0,0,0,0,0,0,0
28027,Mississippi,Coahoma,0,0,0,0,0,0,0
28159,Mississippi,Winston,0,0,0,0,0,0,0
42063,Pennsylvania,Indiana,0,0,0,0,0,0,0
51147,Virginia,Prince Edward,0,0,0,0,0,0,0
2090,Alaska,Fairbanks North Star Borough,0,0,0,0,0,0,0
13287,Georgia,Turner,0,0,0,0,0,0,0
21145,Kentucky,McCracken,0,0,0,0,0,0,0
39057,Ohio,Greene,0,0,0,0,0,0,0
40037,Oklahoma,Creek,0,0,0,0,0,0,0
46103,South Dakota,Pennington,0,0,0,0,0,0,0
13229,Georgia,Pierce,0,0,0,0,0,0,0
22013,Louisiana,Bienville,0,0,0,0,0,0,0
39137,Ohio,Putnam,0,0,0,0,0,0,0
47011,Tennessee,Bradley,0,0,0,0,0,0,0
1021,Alabama,Chilton,0,0,0,0,0,0,0
13237,Georgia,Putnam,0,0,0,0,0,0,0
17063,Illinois,Grundy,0,0,0,0,0,0,0
19169,Iowa,Story,0,0,0,0,0,0,0
27115,Minnesota,Pine,0,0,0,0,0,0,0
1121,Alabama,Talladega,0,0,0,0,0,0,0
5125,Arkansas,Saline,0,0,0,0,0,0,0
6039,California,Madera,0,0,0,0,0,0,0
13219,Georgia,Oconee,0,0,0,0,0,0,0
21211,Kentucky,Shelby,0,0,0,0,0,0,0
48485,Texas,Wichita,0,0,0,0,0,0,0
51065,Virginia,Fluvanna,0,0,0,0,0,0,0
51640,Virginia,Galax city,0,0,0,0,0,0,0
13127,Georgia,Glynn,0,0,0,0,0,0,0
13295,Georgia,Walker,0,0,0,0,0,0,0
16069,Idaho,Nez Perce,0,0,0,0,0,0,0
18015,Indiana,Carroll,0,0,0,0,0,0,0
28045,Mississippi,Hancock,0,0,0,0,0,0,0
28057,Mississippi,Itawamba,0,0,0,0,0,0,0
37017,North Carolina,Bladen,0,0,0,0,0,0,0
48225,Texas,Houston,0,0,0,0,0,0,0
12027,Florida,DeSoto,0,0,0,0,0,0,0
28077,Mississippi,Lawrence,0,0,0,0,0,0,0
28157,Mississippi,Wilkinson,0,0,0,0,0,0,0
45069,South Carolina,Marlboro,0,0,0,0,0,0,0
51570,Virginia,Colonial Heights city,0,0,0,0,0,0,0
51730,Virginia,Petersburg city,0,0,0,0,0,0,0
5115,Arkansas,Pope,0,0,0,0,0,0,0
15001,Hawaii,Hawaii,0,0,0,0,0,0,0
28127,Mississippi,Simpson,0,0,0,0,0,0,0
36121,New York,Wyoming,0,0,0,0,0,0,0
37133,North Carolina,Onslow,0,0,0,0,0,0,0
48291,Texas,Liberty,0,0,0,0,0,0,0
13167,Georgia,Johnson,0,0,0,0,0,0,0
27099,Minnesota,Mower,0,0,0,0,0,0,0
29113,Missouri,Lincoln,0,0,0,0,0,0,0
40001,Oklahoma,Adair,0,0,0,0,0,0,0
48091,Texas,Comal,0,0,0,0,0,0,0
55035,Wisconsin,Eau Claire,0,0,0,0,0,0,0
55043,Wisconsin,Grant,0,0,0,0,0,0,0
5075,Arkansas,Lawrence,0,0,0,0,0,0,0
13047,Georgia,Catoosa,0,0,0,0,0,0,0
29037,Missouri,Cass,0,0,0,0,0,0,0
32510,Nevada,Carson City,0,0,0,0,0,0,0
50025,Vermont,Windham,0,0,0,0,0,0,0
55111,Wisconsin,Sauk,0,0,0,0,0,0,0
22049,Louisiana,Jackson,0,0,0,0,0,0,0
26111,Michigan,Midland,0,0,0,0,0,0,0
32013,Nevada,Humboldt,0,0,0,0,0,0,0
47009,Tennessee,Blount,0,0,0,0,0,0,0
13145,Georgia,Harris,0,0,0,0,0,0,0
17103,Illinois,Lee,0,0,0,0,0,0,0
18041,Indiana,Fayette,0,0,0,0,0,0,0
27169,Minnesota,Winona,0,0,0,0,0,0,0
28097,Mississippi,Montgomery,0,0,0,0,0,0,0
28161,Mississippi,Yalobusha,0,0,0,0,0,0,0
36057,New York,Montgomery,0,0,0,0,0,0,0
51680,Virginia,Lynchburg city,0,0,0,0,0,0,0
37019,North Carolina,Brunswick,0,0,0,0,0,0,0
5023,Arkansas,Cleburne,0,0,0,0,0,0,0
13199,Georgia,Meriwether,0,0,0,0,0,0,0
17109,Illinois,McDonough,0,0,0,0,0,0,0
18027,Indiana,Daviess,0,0,0,0,0,0,0
42073,Pennsylvania,Lawrence,0,0,0,0,0,0,0
55117,Wisconsin,Sheboygan,0,0,0,0,0,0,0
8067,Colorado,La Plata,0,0,0,0,0,0,0
18111,Indiana,Newton,0,0,0,0,0,0,0
29101,Missouri,Johnson,0,0,0,0,0,0,0
40131,Oklahoma,Rogers,0,0,0,0,0,0,0
45047,South Carolina,Greenwood,0,0,0,0,0,0,0
49005,Utah,Cache,0,0,0,0,0,0,0
51540,Virginia,Charlottesville city,0,0,0,0,0,0,0
1043,Alabama,Cullman,0,0,0,0,0,0,0
1045,Alabama,Dale,0,0,0,0,0,0,0
13303,Georgia,Washington,0,0,0,0,0,0,0
18151,Indiana,Steuben,0,0,0,0,0,0,0
18169,Indiana,Wabash,0,0,0,0,0,0,0
22053,Louisiana,Jefferson Davis,0,0,0,0,0,0,0
26069,Michigan,Iosco,0,0,0,0,0,0,0
36045,New York,Jefferson,0,0,0,0,0,0,0
47119,Tennessee,Maury,0,0,0,0,0,0,0
27017,Minnesota,Carlton,0,0,0,0,0,0,0
28133,Mississippi,Sunflower,0,0,0,0,0,0,0
29155,Missouri,Pemiscot,0,0,0,0,0,0,0
35061,New Mexico,Valencia,0,0,0,0,0,0,0
36009,New York,Cattaraugus,0,0,0,0,0,0,0
47179,Tennessee,Washington,0,0,0,0,0,0,0
1083,Alabama,Limestone,0,0,0,0,0,0,0
8015,Colorado,Chaffee,0,0,0,0,0,0,0
12089,Florida,Nassau,0,0,0,0,0,0,0
13105,Georgia,Elbert,0,0,0,0,0,0,0
13225,Georgia,Peach,0,0,0,0,0,0,0
24041,Maryland,Talbot,0,0,0,0,0,0,0
28065,Mississippi,Jefferson Davis,0,0,0,0,0,0,0
28139,Mississippi,Tippah,0,0,0,0,0,0,0
29107,Missouri,Lafayette,0,0,0,0,0,0,0
29159,Missouri,Pettis,0,0,0,0,0,0,0
36025,New York,Delaware,0,0,0,0,0,0,0
48231,Texas,Hunt,0,0,0,0,0,0,0
51137,Virginia,Orange,0,0,0,0,0,0,0
53015,Washington,Cowlitz,0,0,0,0,0,0,0
13005,Georgia,Bacon,0,0,0,0,0,0,0
28093,Mississippi,Marshall,0,0,0,0,0,0,0
36011,New York,Cayuga,0,0,0,0,0,0,0
37123,North Carolina,Montgomery,0,0,0,0,0,0,0
40051,Oklahoma,Grady,0,0,0,0,0,0,0
46005,South Dakota,Beadle,0,0,0,0,0,0,0
46127,South Dakota,Union,0,0,0,0,0,0,0
47155,Tennessee,Sevier,0,0,0,0,0,0,0
6017,California,El Dorado,0,0,0,0,0,0,0
13029,Georgia,Bryan,0,0,0,0,0,0,0
17017,Illinois,Cass,0,0,0,0,0,0,0
22039,Louisiana,Evangeline,0,0,0,0,0,0,0
27047,Minnesota,Freeborn,0,0,0,0,0,0,0
36077,New York,Otsego,0,0,0,0,0,0,0
1071,Alabama,Jackson,0,0,0,0,0,0,0
5093,Arkansas,Mississippi,0,0,0,0,0,0,0
12079,Florida,Madison,0,0,0,0,0,0,0
13027,Georgia,Brooks,0,0,0,0,0,0,0
13213,Georgia,Murray,0,0,0,0,0,0,0
16055,Idaho,Kootenai,0,0,0,0,0,0,0
26027,Michigan,Cass,0,0,0,0,0,0,0
26127,Michigan,Oceana,0,0,0,0,0,0,0
40055,Oklahoma,Greer,0,0,0,0,0,0,0
41039,Oregon,Lane,0,0,0,0,0,0,0
48321,Texas,Matagorda,0,0,0,0,0,0,0
51121,Virginia,Montgomery,0,0,0,0,0,0,0
56025,Wyoming,Natrona,0,0,0,0,0,0,0
17179,Illinois,Tazewell,0,0,0,0,0,0,0
19017,Iowa,Bremer,0,0,0,0,0,0,0
19197,Iowa,Wright,0,0,0,0,0,0,0
26073,Michigan,Isabella,0,0,0,0,0,0,0
28145,Mississippi,Union,0,0,0,0,0,0,0
1011,Alabama,Bullock,0,0,0,0,0,0,0
6069,California,San Benito,0,0,0,0,0,0,0
17073,Illinois,Henry,0,0,0,0,0,0,0
24039,Maryland,Somerset,0,0,0,0,0,0,0
29165,Missouri,Platte,0,0,0,0,0,0,0
33009,New Hampshire,Grafton,0,0,0,0,0,0,0
39123,Ohio,Ottawa,0,0,0,0,0,0,0
48367,Texas,Parker,0,0,0,0,0,0,0
51035,Virginia,Carroll,0,0,0,0,0,0,0
26123,Michigan,Newaygo,0,0,0,0,0,0,0
28043,Mississippi,Grenada,0,0,0,0,0,0,0
38059,North Dakota,Morton,0,0,0,0,0,0,0
39073,Ohio,Hocking,0,0,0,0,0,0,0
39143,Ohio,Sandusky,0,0,0,0,0,0,0
41071,Oregon,Yamhill,0,0,0,0,0,0,0
47031,Tennessee,Coffee,0,0,0,0,0,0,0
47181,Tennessee,Wayne,0,0,0,0,0,0,0
51199,Virginia,York,0,0,0,0,0,0,0
1129,Alabama,Washington,0,0,0,0,0,0,0
18085,Indiana,Kosciusko,0,0,0,0,0,0,0
20045,Kansas,Douglas,0,0,0,0,0,0,0
39081,Ohio,Jefferson,0,0,0,0,0,0,0
48451,Texas,Tom Green,0,0,0,0,0,0,0
50001,Vermont,Addison,0,0,0,0,0,0,0
55055,Wisconsin,Jefferson,0,0,0,0,0,0,0
19045,Iowa,Clinton,0,0,0,0,0,0,0
29207,Missouri,Stoddard,0,0,0,0,0,0,0
38089,North Dakota,Stark,0,0,0,0,0,0,0
48001,Texas,Anderson,0,0,0,0,0,0,0
51109,Virginia,Louisa,0,0,0,0,0,0,0
51670,Virginia,Hopewell city,0,0,0,0,0,0,0
53037,Washington,Kittitas,0,0,0,0,0,0,0
13133,Georgia,Greene,0,0,0,0,0,0,0
20161,Kansas,Riley,0,0,0,0,0,0,0
26117,Michigan,Montcalm,0,0,0,0,0,0,0
37045,North Carolina,Cleveland,0,0,0,0,0,0,0
37091,North Carolina,Hertford,0,0,0,0,0,0,0
39141,Ohio,Ross,0,0,0,0,0,0,0
45029,South Carolina,Colleton,0,0,0,0,0,0,0
48325,Texas,Medina,0,0,0,0,0,0,0
50003,Vermont,Bennington,0,0,0,0,0,0,0
55015,Wisconsin,Calumet,0,0,0,0,0,0,0
1039,Alabama,Covington,0,0,0,0,0,0,0
8107,Colorado,Routt,0,0,0,0,0,0,0
21109,Kentucky,Jackson,0,0,0,0,0,0,0
21185,Kentucky,Oldham,0,0,0,0,0,0,0
27033,Minnesota,Cottonwood,0,0,0,0,0,0,0
28013,Mississippi,Calhoun,0,0,0,0,0,0,0
32023,Nevada,Nye,0,0,0,0,0,0,0
39111,Ohio,Monroe,0,0,0,0,0,0,0
47053,Tennessee,Gibson,0,0,0,0,0,0,0
1087,Alabama,Macon,0,0,0,0,0,0,0
22027,Louisiana,Claiborne,0,0,0,0,0,0,0
26039,Michigan,Crawford,0,0,0,0,0,0,0
31081,Nebraska,Hamilton,0,0,0,0,0,0,0
42005,Pennsylvania,Armstrong,0,0,0,0,0,0,0
48071,Texas,Chambers,0,0,0,0,0,0,0
51595,Virginia,Emporia city,0,0,0,0,0,0,0
8097,Colorado,Pitkin,0,0,0,0,0,0,0
13189,Georgia,McDuffie,0,0,0,0,0,0,0
18087,Indiana,LaGrange,0,0,0,0,0,0,0
22029,Louisiana,Concordia,0,0,0,0,0,0,0
26015,Michigan,Barry,0,0,0,0,0,0,0
27119,Minnesota,Polk,0,0,0,0,0,0,0
39011,Ohio,Auglaize,0,0,0,0,0,0,0
42087,Pennsylvania,Mifflin,0,0,0,0,0,0,0
45059,South Carolina,Laurens,0,0,0,0,0,0,0
47163,Tennessee,Sullivan,0,0,0,0,0,0,0
13221,Georgia,Oglethorpe,0,0,0,0,0,0,0
26057,Michigan,Gratiot,0,0,0,0,0,0,0
28137,Mississippi,Tate,0,0,0,0,0,0,0
37165,North Carolina,Scotland,0,0,0,0,0,0,0
40125,Oklahoma,Pottawatomie,0,0,0,0,0,0,0
42119,Pennsylvania,Union,0,0,0,0,0,0,0
45067,South Carolina,Marion,0,0,0,0,0,0,0
51149,Virginia,Prince George,0,0,0,0,0,0,0
8029,Colorado,Delta,0,0,0,0,0,0,0
17199,Illinois,Williamson,0,0,0,0,0,0,0
18139,Indiana,Rush,0,0,0,0,0,0,0
29031,Missouri,Cape Girardeau,0,0,0,0,0,0,0
29051,Missouri,Cole,0,0,0,0,0,0,0
31157,Nebraska,Scotts Bluff,0,0,0,0,0,0,0
37059,North Carolina,Davie,0,0,0,0,0,0,0
41003,Oregon,Benton,0,0,0,0,0,0,0
48049,Texas,Brown,0,0,0,0,0,0,0
51081,Virginia,Greensville,0,0,0,0,0,0,0
54011,West Virginia,Cabell,0,0,0,0,0,0,0
28107,Mississippi,Panola,0,0,0,0,0,0,0
33001,New Hampshire,Belknap,0,0,0,0,0,0,0
42021,Pennsylvania,Cambria,0,0,0,0,0,0,0
45043,South Carolina,Georgetown,0,0,0,0,0,0,0
1007,Alabama,Bibb,0,0,0,0,0,0,0
1041,Alabama,Crenshaw,0,0,0,0,0,0,0
13039,Georgia,Camden,0,0,0,0,0,0,0
18175,Indiana,Washington,0,0,0,0,0,0,0
22011,Louisiana,Beauregard,0,0,0,0,0,0,0
26103,Michigan,Marquette,0,0,0,0,0,0,0
36099,New York,Seneca,0,0,0,0,0,0,0
37109,North Carolina,Lincoln,0,0,0,0,0,0,0
41029,Oregon,Jackson,0,0,0,0,0,0,0
47081,Tennessee,Hickman,0,0,0,0,0,0,0
55109,Wisconsin,St. Croix,0,0,0,0,0,0,0
20155,Kansas,Reno,0,0,0,0,0,0,0
21061,Kentucky,Edmonson,0,0,0,0,0,0,0
21113,Kentucky,Jessamine,0,0,0,0,0,0,0
27111,Minnesota,Otter Tail,0,0,0,0,0,0,0
28021,Mississippi,Claiborne,0,0,0,0,0,0,0
28153,Mississippi,Wayne,0,0,0,0,0,0,0
47123,Tennessee,Monroe,0,0,0,0,0,0,0
1133,Alabama,Winston,0,0,0,0,0,0,0
8077,Colorado,Mesa,0,0,0,0,0,0,0
18099,Indiana,Marshall,0,0,0,0,0,0,0
20031,Kansas,Coffey,0,0,0,0,0,0,0
21199,Kentucky,Pulaski,0,0,0,0,0,0,0
22021,Louisiana,Caldwell,0,0,0,0,0,0,0
23027,Maine,Waldo,0,0,0,0,0,0,0
27061,Minnesota,Itasca,0,0,0,0,0,0,0
36013,New York,Chautauqua,0,0,0,0,0,0,0
37007,North Carolina,Anson,0,0,0,0,0,0,0
37079,North Carolina,Greene,0,0,0,0,0,0,0
37141,North Carolina,Pender,0,0,0,0,0,0,0
40071,Oklahoma,Kay,0,0,0,0,0,0,0
42093,Pennsylvania,Montour,0,0,0,0,0,0,0
48373,Texas,Polk,0,0,0,0,0,0,0
50021,Vermont,Rutland,0,0,0,0,0,0,0
51089,Virginia,Henry,0,0,0,0,0,0,0
51191,Virginia,Washington,0,0,0,0,0,0,0
53001,Washington,Adams,0,0,0,0,0,0,0
5133,Arkansas,Sevier,0,0,0,0,0,0,0
12007,Florida,Bradford,0,0,0,0,0,0,0
12093,Florida,Okeechobee,0,0,0,0,0,0,0
13319,Georgia,Wilkinson,0,0,0,0,0,0,0
17121,Illinois,Marion,0,0,0,0,0,0,0
18073,Indiana,Jasper,0,0,0,0,0,0,0
18135,Indiana,Randolph,0,0,0,0,0,0,0
19015,Iowa,Boone,0,0,0,0,0,0,0
19057,Iowa,Des Moines,0,0,0,0,0,0,0
19087,Iowa,Henry,0,0,0,0,0,0,0
28053,Mississippi,Humphreys,0,0,0,0,0,0,0
29133,Missouri,Mississippi,0,0,0,0,0,0,0
32019,Nevada,Lyon,0,0,0,0,0,0,0
33005,New Hampshire,Cheshire,0,0,0,0,0,0,0
35053,New Mexico,Socorro,0,0,0,0,0,0,0
37157,North Carolina,Rockingham,0,0,0,0,0,0,0
48189,Texas,Hale,0,0,0,0,0,0,0
48213,Texas,Henderson,0,0,0,0,0,0,0
55045,Wisconsin,Green,0,0,0,0,0,0,0
1067,Alabama,Henry,0,0,0,0,0,0,0
8039,Colorado,Elbert,0,0,0,0,0,0,0
13017,Georgia,Ben Hill,0,0,0,0,0,0,0
13103,Georgia,Effingham,0,0,0,0,0,0,0
21035,Kentucky,Calloway,0,0,0,0,0,0,0
28005,Mississippi,Amite,0,0,0,0,0,0,0
36095,New York,Schoharie,0,0,0,0,0,0,0
39171,Ohio,Williams,0,0,0,0,0,0,0
47097,Tennessee,Lauderdale,0,0,0,0,0,0,0
50027,Vermont,Windsor,0,0,0,0,0,0,0
51099,Virginia,King George,0,0,0,0,0,0,0
54049,West Virginia,Marion,0,0,0,0,0,0,0
54107,West Virginia,Wood,0,0,0,0,0,0,0
1009,Alabama,Blount,0,0,0,0,0,0,0
12049,Florida,Hardee,0,0,0,0,0,0,0
13091,Georgia,Dodge,0,0,0,0,0,0,0
13179,Georgia,Liberty,0,0,0,0,0,0,0
13197,Georgia,Marion,0,0,0,0,0,0,0
13279,Georgia,Toombs,0,0,0,0,0,0,0
18049,Indiana,Fulton,0,0,0,0,0,0,0
29157,Missouri,Perry,0,0,0,0,0,0,0
51053,Virginia,Dinwiddie,0,0,0,0,0,0,0
51600,Virginia,Fairfax city,0,0,0,0,0,0,0
55063,Wisconsin,La Crosse,0,0,0,0,0,0,0
4003,Arizona,Cochise,0,0,0,0,0,0,0
5085,Arkansas,Lonoke,0,0,0,0,0,0,0
13011,Georgia,Banks,0,0,0,0,0,0,0
13025,Georgia,Brantley,0,0,0,0,0,0,0
13031,Georgia,Bulloch,0,0,0,0,0,0,0
13065,Georgia,Clinch,0,0,0,0,0,0,0
19123,Iowa,Mahaska,0,0,0,0,0,0,0
28147,Mississippi,Walthall,0,0,0,0,0,0,0
31111,Nebraska,Lincoln,0,0,0,0,0,0,0
39063,Ohio,Hancock,0,0,0,0,0,0,0
47059,Tennessee,Greene,0,0,0,0,0,0,0
48481,Texas,Wharton,0,0,0,0,0,0,0
13231,Georgia,Pike,0,0,0,0,0,0,0
17079,Illinois,Jasper,0,0,0,0,0,0,0
21151,Kentucky,Madison,0,0,0,0,0,0,0
22113,Louisiana,Vermilion,0,0,0,0,0,0,0
28143,Mississippi,Tunica,0,0,0,0,0,0,0
37033,North Carolina,Caswell,0,0,0,0,0,0,0
40119,Oklahoma,Payne,0,0,0,0,0,0,0
42035,Pennsylvania,Clinton,0,0,0,0,0,0,0
45037,South Carolina,Edgefield,0,0,0,0,0,0,0
47045,Tennessee,Dyer,0,0,0,0,0,0,0
48473,Texas,Waller,0,0,0,0,0,0,0
51033,Virginia,Caroline,0,0,0,0,0,0,0
51590,Virginia,Danville city,0,0,0,0,0,0,0
13171,Georgia,Lamar,0,0,0,0,0,0,0
19031,Iowa,Cedar,0,0,0,0,0,0,0
27103,Minnesota,Nicollet,0,0,0,0,0,0,0
29135,Missouri,Moniteau,0,0,0,0,0,0,0
33003,New Hampshire,Carroll,0,0,0,0,0,0,0
35009,New Mexico,Curry,0,0,0,0,0,0,0
36003,New York,Allegany,0,0,0,0,0,0,0
39077,Ohio,Huron,0,0,0,0,0,0,0
46135,South Dakota,Yankton,0,0,0,0,0,0,0
51610,Virginia,Falls Church city,0,0,0,0,0,0,0
53047,Washington,Okanogan,0,0,0,0,0,0,0
8003,Colorado,Alamosa,0,0,0,0,0,0,0
17001,Illinois,Adams,0,0,0,0,0,0,0
21003,Kentucky,Allen,0,0,0,0,0,0,0
21213,Kentucky,Simpson,0,0,0,0,0,0,0
22081,Louisiana,Red River,0,0,0,0,0,0,0
31067,Nebraska,Gage,0,0,0,0,0,0,0
39027,Ohio,Clinton,0,0,0,0,0,0,0
47051,Tennessee,Franklin,0,0,0,0,0,0,0
51830,Virginia,Williamsburg city,0,0,0,0,0,0,0
55017,Wisconsin,Chippewa,0,0,0,0,0,0,0
5091,Arkansas,Miller,0,0,0,0,0,0,0
18077,Indiana,Jefferson,0,0,0,0,0,0,0
22091,Louisiana,St. Helena,0,0,0,0,0,0,0
27165,Minnesota,Watonwan,0,0,0,0,0,0,0
36031,New York,Essex,0,0,0,0,0,0,0
41007,Oregon,Clatsop,0,0,0,0,0,0,0
42099,Pennsylvania,Perry,0,0,0,0,0,0,0
48401,Texas,Rusk,0,0,0,0,0,0,0
51193,Virginia,Westmoreland,0,0,0,0,0,0,0
6057,California,Nevada,0,0,0,0,0,0,0
13253,Georgia,Seminole,0,0,0,0,0,0,0
17117,Illinois,Macoupin,0,0,0,0,0,0,0
19077,Iowa,Guthrie,0,0,0,0,0,0,0
26063,Michigan,Huron,0,0,0,0,0,0,0
41035,Oregon,Klamath,0,0,0,0,0,0,0
42015,Pennsylvania,Bradford,0,0,0,0,0,0,0
45011,South Carolina,Barnwell,0,0,0,0,0,0,0
45023,South Carolina,Chester,0,0,0,0,0,0,0
45073,South Carolina,Oconee,0,0,0,0,0,0,0
48357,Texas,Ochiltree,0,0,0,0,0,0,0
51019,Virginia,Bedford,0,0,0,0,0,0,0
4012,Arizona,La Paz,0,0,0,0,0,0,0
5037,Arkansas,Cross,0,0,0,0,0,0,0
5135,Arkansas,Sharp,0,0,0,0,0,0,0
6101,California,Sutter,0,0,0,0,0,0,0
12013,Florida,Calhoun,0,0,0,0,0,0,0
17145,Illinois,Perry,0,0,0,0,0,0,0
17153,Illinois,Pulaski,0,0,0,0,0,0,0
22059,Louisiana,LaSalle,0,0,0,0,0,0,0
27039,Minnesota,Dodge,0,0,0,0,0,0,0
27093,Minnesota,Meeker,0,0,0,0,0,0,0
39119,Ohio,Muskingum,0,0,0,0,0,0,0
48349,Texas,Navarro,0,0,0,0,0,0,0
48387,Texas,Red River,0,0,0,0,0,0,0
1053,Alabama,Escambia,0,0,0,0,0,0,0
13111,Georgia,Fannin,0,0,0,0,0,0,0
13227,Georgia,Pickens,0,0,0,0,0,0,0
17135,Illinois,Montgomery,0,0,0,0,0,0,0
21019,Kentucky,Boyd,0,0,0,0,0,0,0
26151,Michigan,Sanilac,0,0,0,0,0,0,0
30063,Montana,Missoula,0,0,0,0,0,0,0
37117,North Carolina,Martin,0,0,0,0,0,0,0
37169,North Carolina,Stokes,0,0,0,0,0,0,0
38061,North Dakota,Mountrail,0,0,0,0,0,0,0
40121,Oklahoma,Pittsburg,0,0,0,0,0,0,0
42013,Pennsylvania,Blair,0,0,0,0,0,0,0
48055,Texas,Caldwell,0,0,0,0,0,0,0
48115,Texas,Dawson,0,0,0,0,0,0,0
48369,Texas,Parmer,0,0,0,0,0,0,0
54019,West Virginia,Fayette,0,0,0,0,0,0,0
5149,Arkansas,Yell,0,0,0,0,0,0,0
13291,Georgia,Union,0,0,0,0,0,0,0
18131,Indiana,Pulaski,0,0,0,0,0,0,0
21009,Kentucky,Barren,0,0,0,0,0,0,0
27025,Minnesota,Chisago,0,0,0,0,0,0,0
27035,Minnesota,Crow Wing,0,0,0,0,0,0,0
27049,Minnesota,Goodhue,0,0,0,0,0,0,0
28063,Mississippi,Jefferson,0,0,0,0,0,0,0
28111,Mississippi,Perry,0,0,0,0,0,0,0
31093,Nebraska,Howard,0,0,0,0,0,0,0
48073,Texas,Cherokee,0,0,0,0,0,0,0
48497,Texas,Wise,0,0,0,0,0,0,0
50023,Vermont,Washington,0,0,0,0,0,0,0
5145,Arkansas,White,0,0,0,0,0,0,0
29211,Missouri,Sullivan,0,0,0,0,0,0,0
30029,Montana,Flathead,0,0,0,0,0,0,0
31023,Nebraska,Butler,0,0,0,0,0,0,0
39159,Ohio,Union,0,0,0,0,0,0,0
42111,Pennsylvania,Somerset,0,0,0,0,0,0,0
47001,Tennessee,Anderson,0,0,0,0,0,0,0
48057,Texas,Calhoun,0,0,0,0,0,0,0
48493,Texas,Wilson,0,0,0,0,0,0,0
54033,West Virginia,Harrison,0,0,0,0,0,0,0
54069,West Virginia,Ohio,0,0,0,0,0,0,0
55021,Wisconsin,Columbia,0,0,0,0,0,0,0
13201,Georgia,Miller,0,0,0,0,0,0,0
19011,Iowa,Benton,0,0,0,0,0,0,0
19105,Iowa,Jones,0,0,0,0,0,0,0
21081,Kentucky,Grant,0,0,0,0,0,0,0
21157,Kentucky,Marshall,0,0,0,0,0,0,0
27023,Minnesota,Chippewa,0,0,0,0,0,0,0
27063,Minnesota,Jackson,0,0,0,0,0,0,0
27079,Minnesota,Le Sueur,0,0,0,0,0,0,0
28117,Mississippi,Prentiss,0,0,0,0,0,0,0
29029,Missouri,Camden,0,0,0,0,0,0,0
29169,Missouri,Pulaski,0,0,0,0,0,0,0
36023,New York,Cortland,0,0,0,0,0,0,0
37185,North Carolina,Warren,0,0,0,0,0,0,0
45001,South Carolina,Abbeville,0,0,0,0,0,0,0
49021,Utah,Iron,0,0,0,0,0,0,0
1079,Alabama,Lawrence,0,0,0,0,0,0,0
5019,Arkansas,Clark,0,0,0,0,0,0,0
5071,Arkansas,Johnson,0,0,0,0,0,0,0
13075,Georgia,Cook,0,0,0,0,0,0,0
13119,Georgia,Franklin,0,0,0,0,0,0,0
13143,Georgia,Haralson,0,0,0,0,0,0,0
13235,Georgia,Pulaski,0,0,0,0,0,0,0
21049,Kentucky,Clark,0,0,0,0,0,0,0
31041,Nebraska,Custer,0,0,0,0,0,0,0
37031,North Carolina,Carteret,0,0,0,0,0,0,0
37149,North Carolina,Polk,0,0,0,0,0,0,0
39051,Ohio,Fulton,0,0,0,0,0,0,0
39149,Ohio,Shelby,0,0,0,0,0,0,0
40115,Oklahoma,Ottawa,0,0,0,0,0,0,0
48163,Texas,Frio,0,0,0,0,0,0,0
51057,Virginia,Essex,0,0,0,0,0,0,0
53041,Washington,Lewis,0,0,0,0,0,0,0
55073,Wisconsin,Marathon,0,0,0,0,0,0,0
6051,California,Mono,0,0,0,0,0,0,0
6089,California,Shasta,0,0,0,0,0,0,0
13211,Georgia,Morgan,0,0,0,0,0,0,0
17137,Illinois,Morgan,0,0,0,0,0,0,0
21179,Kentucky,Nelson,0,0,0,0,0,0,0
21209,Kentucky,Scott,0,0,0,0,0,0,0
23007,Maine,Franklin,0,0,0,0,0,0,0
29001,Missouri,Adair,0,0,0,0,0,0,0
29023,Missouri,Butler,0,0,0,0,0,0,0
36123,New York,Yates,0,0,0,0,0,0,0
37145,North Carolina,Person,0,0,0,0,0,0,0
47115,Tennessee,Marion,0,0,0,0,0,0,0
48241,Texas,Jasper,0,0,0,0,0,0,0
54057,West Virginia,Mineral,0,0,0,0,0,0,0
55029,Wisconsin,Door,0,0,0,0,0,0,0
55115,Wisconsin,Shawano,0,0,0,0,0,0,0
1037,Alabama,Coosa,0,0,0,0,0,0,0
13023,Georgia,Bleckley,0,0,0,0,0,0,0
18021,Indiana,Clay,0,0,0,0,0,0,0
18075,Indiana,Jay,0,0,0,0,0,0,0
20085,Kansas,Jackson,0,0,0,0,0,0,0
21233,Kentucky,Webster,0,0,0,0,0,0,0
22065,Louisiana,Madison,0,0,0,0,0,0,0
27101,Minnesota,Murray,0,0,0,0,0,0,0
35039,New Mexico,Rio Arriba,0,0,0,0,0,0,0
37111,North Carolina,McDowell,0,0,0,0,0,0,0
37167,North Carolina,Stanly,0,0,0,0,0,0,0
39175,Ohio,Wyandot,0,0,0,0,0,0,0
42033,Pennsylvania,Clearfield,0,0,0,0,0,0,0
42109,Pennsylvania,Snyder,0,0,0,0,0,0,0
45005,South Carolina,Allendale,0,0,0,0,0,0,0
45071,South Carolina,Newberry,0,0,0,0,0,0,0
51775,Virginia,Salem city,0,0,0,0,0,0,0
51790,Virginia,Staunton city,0,0,0,0,0,0,0
53045,Washington,Mason,0,0,0,0,0,0,0
54031,West Virginia,Hardy,0,0,0,0,0,0,0
8119,Colorado,Teller,0,0,0,0,0,0,0
12129,Florida,Wakulla,0,0,0,0,0,0,0
13169,Georgia,Jones,0,0,0,0,0,0,0
13195,Georgia,Madison,0,0,0,0,0,0,0
16019,Idaho,Bonneville,0,0,0,0,0,0,0
16087,Idaho,Washington,0,0,0,0,0,0,0
17021,Illinois,Christian,0,0,0,0,0,0,0
19095,Iowa,Iowa,0,0,0,0,0,0,0
20009,Kansas,Barton,0,0,0,0,0,0,0
20059,Kansas,Franklin,0,0,0,0,0,0,0
26011,Michigan,Arenac,0,0,0,0,0,0,0
27005,Minnesota,Becker,0,0,0,0,0,0,0
35005,New Mexico,Chaves,0,0,0,0,0,0,0
39047,Ohio,Fayette,0,0,0,0,0,0,0
42009,Pennsylvania,Bedford,0,0,0,0,0,0,0
47041,Tennessee,DeKalb,0,0,0,0,0,0,0
48013,Texas,Atascosa,0,0,0,0,0,0,0
48233,Texas,Hutchinson,0,0,0,0,0,0,0
51620,Virginia,Franklin city,0,0,0,0,0,0,0
13263,Georgia,Talbot,0,0,0,0,0,0,0
16039,Idaho,Elmore,0,0,0,0,0,0,0
17183,Illinois,Vermilion,0,0,0,0,0,0,0
18013,Indiana,Brown,0,0,0,0,0,0,0
22085,Louisiana,Sabine,0,0,0,0,0,0,0
27097,Minnesota,Morrison,0,0,0,0,0,0,0
45087,South Carolina,Union,0,0,0,0,0,0,0
47061,Tennessee,Grundy,0,0,0,0,0,0,0
47073,Tennessee,Hawkins,0,0,0,0,0,0,0
48149,Texas,Fayette,0,0,0,0,0,0,0
51023,Virginia,Botetourt,0,0,0,0,0,0,0
55061,Wisconsin,Kewaunee,0,0,0,0,0,0,0
55083,Wisconsin,Oconto,0,0,0,0,0,0,0
1019,Alabama,Cherokee,0,0,0,0,0,0,0
2110,Alaska,Juneau City and Borough,0,0,0,0,0,0,0
6007,California,Butte,0,0,0,0,0,0,0
8083,Colorado,Montezuma,0,0,0,0,0,0,0
13317,Georgia,Wilkes,0,0,0,0,0,0,0
18123,Indiana,Perry,0,0,0,0,0,0,0
19043,Iowa,Clayton,0,0,0,0,0,0,0
29187,Missouri,St. Francois,0,0,0,0,0,0,0
31121,Nebraska,Merrick,0,0,0,0,0,0,0
31185,Nebraska,York,0,0,0,0,0,0,0
37013,North Carolina,Beaufort,0,0,0,0,0,0,0
39039,Ohio,Defiance,0,0,0,0,0,0,0
39065,Ohio,Hardin,0,0,0,0,0,0,0
39135,Ohio,Preble,0,0,0,0,0,0,0
40101,Oklahoma,Muskogee,0,0,0,0,0,0,0
41011,Oregon,Coos,0,0,0,0,0,0,0
42131,Pennsylvania,Wyoming,0,0,0,0,0,0,0
45049,South Carolina,Hampton,0,0,0,0,0,0,0
51067,Virginia,Franklin,0,0,0,0,0,0,0
53031,Washington,Jefferson,0,0,0,0,0,0,0
54079,West Virginia,Putnam,0,0,0,0,0,0,0
55019,Wisconsin,Clark,0,0,0,0,0,0,0
56005,Wyoming,Campbell,0,0,0,0,0,0,0
5055,Arkansas,Greene,0,0,0,0,0,0,0
5059,Arkansas,Hot Spring,0,0,0,0,0,0,0
13271,Georgia,Telfair,0,0,0,0,0,0,0
16047,Idaho,Gooding,0,0,0,0,0,0,0
16063,Idaho,Lincoln,0,0,0,0,0,0,0
18149,Indiana,Starke,0,0,0,0,0,0,0
18153,Indiana,Sullivan,0,0,0,0,0,0,0
19019,Iowa,Bucha0,0,0,0,0,0,0,0
19143,Iowa,Osceola,0,0,0,0,0,0,0
20197,Kansas,Wabaunsee,0,0,0,0,0,0,0
38101,North Dakota,Ward,0,0,0,0,0,0,0
40021,Oklahoma,Cherokee,0,0,0,0,0,0,0
40117,Oklahoma,Pawnee,0,0,0,0,0,0,0
47075,Tennessee,Haywood,0,0,0,0,0,0,0
47159,Tennessee,Smith,0,0,0,0,0,0,0
48063,Texas,Camp,0,0,0,0,0,0,0
51073,Virginia,Gloucester,0,0,0,0,0,0,0
51083,Virginia,Halifax,0,0,0,0,0,0,0
51820,Virginia,Waynesboro city,0,0,0,0,0,0,0
5111,Arkansas,Poinsett,0,0,0,0,0,0,0
5141,Arkansas,Van Buren,0,0,0,0,0,0,0
6115,California,Yuba,0,0,0,0,0,0,0
12065,Florida,Jefferson,0,0,0,0,0,0,0
13049,Georgia,Charlton,0,0,0,0,0,0,0
17105,Illinois,Livingston,0,0,0,0,0,0,0
18119,Indiana,Owen,0,0,0,0,0,0,0
18183,Indiana,Whitley,0,0,0,0,0,0,0
20169,Kansas,Saline,0,0,0,0,0,0,0
21195,Kentucky,Pike,0,0,0,0,0,0,0
23023,Maine,Sagadahoc,0,0,0,0,0,0,0
26105,Michigan,Mason,0,0,0,0,0,0,0
37009,North Carolina,Ashe,0,0,0,0,0,0,0
39059,Ohio,Guernsey,0,0,0,0,0,0,0
39087,Ohio,Lawrence,0,0,0,0,0,0,0
40097,Oklahoma,Mayes,0,0,0,0,0,0,0
45053,South Carolina,Jasper,0,0,0,0,0,0,0
48053,Texas,Burnet,0,0,0,0,0,0,0
48069,Texas,Castro,0,0,0,0,0,0,0
48147,Texas,Fannin,0,0,0,0,0,0,0
55075,Wisconsin,Marinette,0,0,0,0,0,0,0
1027,Alabama,Clay,0,0,0,0,0,0,0
5063,Arkansas,Independence,0,0,0,0,0,0,0
8065,Colorado,Lake,0,0,0,0,0,0,0
12075,Florida,Levy,0,0,0,0,0,0,0
18033,Indiana,DeKalb,0,0,0,0,0,0,0
20113,Kansas,McPherson,0,0,0,0,0,0,0
29097,Missouri,Jasper,0,0,0,0,0,0,0
31051,Nebraska,Dixon,0,0,0,0,0,0,0
41033,Oregon,Josephine,0,0,0,0,0,0,0
42059,Pennsylvania,Greene,0,0,0,0,0,0,0
47183,Tennessee,Weakley,0,0,0,0,0,0,0
48219,Texas,Hockley,0,0,0,0,0,0,0
50015,Vermont,Lamoille,0,0,0,0,0,0,0
51113,Virginia,Madison,0,0,0,0,0,0,0
51127,Virginia,New Kent,0,0,0,0,0,0,0
1061,Alabama,Geneva,0,0,0,0,0,0,0
8063,Colorado,Kit Carson,0,0,0,0,0,0,0
12003,Florida,Baker,0,0,0,0,0,0,0
12029,Florida,Dixie,0,0,0,0,0,0,0
12125,Florida,Union,0,0,0,0,0,0,0
13107,Georgia,Emanuel,0,0,0,0,0,0,0
13147,Georgia,Hart,0,0,0,0,0,0,0
13159,Georgia,Jasper,0,0,0,0,0,0,0
13161,Georgia,Jeff Davis,0,0,0,0,0,0,0
13163,Georgia,Jefferson,0,0,0,0,0,0,0
17041,Illinois,Douglas,0,0,0,0,0,0,0
20189,Kansas,Stevens,0,0,0,0,0,0,0
25007,Massachusetts,Dukes,0,0,0,0,0,0,0
27083,Minnesota,Lyon,0,0,0,0,0,0,0
28115,Mississippi,Pontotoc,0,0,0,0,0,0,0
28131,Mississippi,Stone,0,0,0,0,0,0,0
29069,Missouri,Dunklin,0,0,0,0,0,0,0
31025,Nebraska,Cass,0,0,0,0,0,0,0
31159,Nebraska,Seward,0,0,0,0,0,0,0
31177,Nebraska,Washington,0,0,0,0,0,0,0
32005,Nevada,Douglas,0,0,0,0,0,0,0
35041,New Mexico,Roosevelt,0,0,0,0,0,0,0
37087,North Carolina,Haywood,0,0,0,0,0,0,0
37187,North Carolina,Washington,0,0,0,0,0,0,0
39019,Ohio,Carroll,0,0,0,0,0,0,0
47089,Tennessee,Jefferson,0,0,0,0,0,0,0
47117,Tennessee,Marshall,0,0,0,0,0,0,0
48129,Texas,Donley,0,0,0,0,0,0,0
48331,Texas,Milam,0,0,0,0,0,0,0
48405,Texas,San Augustine,0,0,0,0,0,0,0
48409,Texas,San Patricio,0,0,0,0,0,0,0
51143,Virginia,Pittsylvania,0,0,0,0,0,0,0
55071,Wisconsin,Manitowoc,0,0,0,0,0,0,0
55093,Wisconsin,Pierce,0,0,0,0,0,0,0
2122,Alaska,Kenai Peninsula Borough,0,0,0,0,0,0,0
8043,Colorado,Fremont,0,0,0,0,0,0,0
13019,Georgia,Berrien,0,0,0,0,0,0,0
19065,Iowa,Fayette,0,0,0,0,0,0,0
19125,Iowa,Marion,0,0,0,0,0,0,0
19165,Iowa,Shelby,0,0,0,0,0,0,0
29219,Missouri,Warren,0,0,0,0,0,0,0
39021,Ohio,Champaign,0,0,0,0,0,0,0
39091,Ohio,Logan,0,0,0,0,0,0,0
40137,Oklahoma,Stephens,0,0,0,0,0,0,0
41019,Oregon,Douglas,0,0,0,0,0,0,0
42031,Pennsylvania,Clarion,0,0,0,0,0,0,0
45021,South Carolina,Cherokee,0,0,0,0,0,0,0
47017,Tennessee,Carroll,0,0,0,0,0,0,0
49003,Utah,Box Elder,0,0,0,0,0,0,0
51009,Virginia,Amherst,0,0,0,0,0,0,0
51049,Virginia,Cumberland,0,0,0,0,0,0,0
51145,Virginia,Powhatan,0,0,0,0,0,0,0
53039,Washington,Klickitat,0,0,0,0,0,0,0
54051,West Virginia,Marshall,0,0,0,0,0,0,0
56037,Wyoming,Sweetwater,0,0,0,0,0,0,0
5121,Arkansas,Randolph,0,0,0,0,0,0,0
13003,Georgia,Atkinson,0,0,0,0,0,0,0
13079,Georgia,Crawford,0,0,0,0,0,0,0
18007,Indiana,Benton,0,0,0,0,0,0,0
18083,Indiana,Knox,0,0,0,0,0,0,0
19039,Iowa,Clarke,0,0,0,0,0,0,0
20099,Kansas,Labette,0,0,0,0,0,0,0
20149,Kansas,Pottawatomie,0,0,0,0,0,0,0
27041,Minnesota,Douglas,0,0,0,0,0,0,0
37099,North Carolina,Jackson,0,0,0,0,0,0,0
40047,Oklahoma,Garfield,0,0,0,0,0,0,0
41031,Oregon,Jefferson,0,0,0,0,0,0,0
47063,Tennessee,Hamblen,0,0,0,0,0,0,0
48259,Texas,Kendall,0,0,0,0,0,0,0
48371,Texas,Pecos,0,0,0,0,0,0,0
48467,Texas,Van Zandt,0,0,0,0,0,0,0
51011,Virginia,Appomattox,0,0,0,0,0,0,0
51036,Virginia,Charles City,0,0,0,0,0,0,0
56009,Wyoming,Converse,0,0,0,0,0,0,0
1105,Alabama,Perry,0,0,0,0,0,0,0
13149,Georgia,Heard,0,0,0,0,0,0,0
18025,Indiana,Crawford,0,0,0,0,0,0,0
19141,Iowa,O'Brien,0,0,0,0,0,0,0
20015,Kansas,Butler,0,0,0,0,0,0,0
21207,Kentucky,Russell,0,0,0,0,0,0,0
26055,Michigan,Grand Traverse,0,0,0,0,0,0,0
29027,Missouri,Callaway,0,0,0,0,0,0,0
37003,North Carolina,Alexander,0,0,0,0,0,0,0
39015,Ohio,Brown,0,0,0,0,0,0,0
39083,Ohio,Knox,0,0,0,0,0,0,0
40105,Oklahoma,Nowata,0,0,0,0,0,0,0
48217,Texas,Hill,0,0,0,0,0,0,0
48221,Texas,Hood,0,0,0,0,0,0,0
48421,Texas,Sherman,0,0,0,0,0,0,0
51195,Virginia,Wise,0,0,0,0,0,0,0
55023,Wisconsin,Crawford,0,0,0,0,0,0,0
1035,Alabama,Conecuh,0,0,0,0,0,0,0
1099,Alabama,Monroe,0,0,0,0,0,0,0
2170,Alaska,Matanuska-Susitna Borough,0,0,0,0,0,0,0
4007,Arizona,Gila,0,0,0,0,0,0,0
8113,Colorado,San Miguel,0,0,0,0,0,0,0
13155,Georgia,Irwin,0,0,0,0,0,0,0
13269,Georgia,Taylor,0,0,0,0,0,0,0
16075,Idaho,Payette,0,0,0,0,0,0,0
17085,Illinois,Jo Daviess,0,0,0,0,0,0,0
19135,Iowa,Monroe,0,0,0,0,0,0,0
21073,Kentucky,Franklin,0,0,0,0,0,0,0
22043,Louisiana,Grant,0,0,0,0,0,0,0
27161,Minnesota,Waseca,0,0,0,0,0,0,0
28155,Mississippi,Webster,0,0,0,0,0,0,0
31155,Nebraska,Saunders,0,0,0,0,0,0,0
32007,Nevada,Elko,0,0,0,0,0,0,0
35055,New Mexico,Taos,0,0,0,0,0,0,0
37103,North Carolina,Jones,0,0,0,0,0,0,0
37143,North Carolina,Perquimans,0,0,0,0,0,0,0
38105,North Dakota,Williams,0,0,0,0,0,0,0
39031,Ohio,Coshocton,0,0,0,0,0,0,0
40141,Oklahoma,Tillman,0,0,0,0,0,0,0
46125,South Dakota,Turner,0,0,0,0,0,0,0
47121,Tennessee,Meigs,0,0,0,0,0,0,0
48003,Texas,Andrews,0,0,0,0,0,0,0
48427,Texas,Starr,0,0,0,0,0,0,0
48499,Texas,Wood,0,0,0,0,0,0,0
51077,Virginia,Grayson,0,0,0,0,0,0,0
55057,Wisconsin,Juneau,0,0,0,0,0,0,0
4009,Arizona,Graham,0,0,0,0,0,0,0
13281,Georgia,Towns,0,0,0,0,0,0,0
15007,Hawaii,Kauai,0,0,0,0,0,0,0
18159,Indiana,Tipton,0,0,0,0,0,0,0
18161,Indiana,Union,0,0,0,0,0,0,0
19191,Iowa,Winneshiek,0,0,0,0,0,0,0
20087,Kansas,Jefferson,0,0,0,0,0,0,0
21125,Kentucky,Laurel,0,0,0,0,0,0,0
22115,Louisiana,Vernon,0,0,0,0,0,0,0
26031,Michigan,Cheboygan,0,0,0,0,0,0,0
26047,Michigan,Emmet,0,0,0,0,0,0,0
26143,Michigan,Roscommon,0,0,0,0,0,0,0
28119,Mississippi,Quitman,0,0,0,0,0,0,0
28135,Mississippi,Tallahatchie,0,0,0,0,0,0,0
28141,Mississippi,Tishomingo,0,0,0,0,0,0,0
29043,Missouri,Christian,0,0,0,0,0,0,0
40065,Oklahoma,Jackson,0,0,0,0,0,0,0
40133,Oklahoma,Seminole,0,0,0,0,0,0,0
41045,Oregon,Malheur,0,0,0,0,0,0,0
42039,Pennsylvania,Crawford,0,0,0,0,0,0,0
47099,Tennessee,Lawrence,0,0,0,0,0,0,0
47185,Tennessee,White,0,0,0,0,0,0,0
48067,Texas,Cass,0,0,0,0,0,0,0
51007,Virginia,Amelia,0,0,0,0,0,0,0
51025,Virginia,Brunswick,0,0,0,0,0,0,0
51133,Virginia,Northumberland,0,0,0,0,0,0,0
53009,Washington,Clallam,0,0,0,0,0,0,0
5027,Arkansas,Columbia,0,0,0,0,0,0,0
6027,California,Inyo,0,0,0,0,0,0,0
8093,Colorado,Park,0,0,0,0,0,0,0
13083,Georgia,Dade,0,0,0,0,0,0,0
13251,Georgia,Screven,0,0,0,0,0,0,0
16031,Idaho,Cassia,0,0,0,0,0,0,0
16065,Idaho,Madison,0,0,0,0,0,0,0
16067,Idaho,Minidoka,0,0,0,0,0,0,0
17083,Illinois,Jersey,0,0,0,0,0,0,0
18069,Indiana,Huntington,0,0,0,0,0,0,0
18121,Indiana,Parke,0,0,0,0,0,0,0
18179,Indiana,Wells,0,0,0,0,0,0,0
19033,Iowa,Cerro Gordo,0,0,0,0,0,0,0
19111,Iowa,Lee,0,0,0,0,0,0,0
19121,Iowa,Madison,0,0,0,0,0,0,0
19187,Iowa,Webster,0,0,0,0,0,0,0
20125,Kansas,Montgomery,0,0,0,0,0,0,0
21021,Kentucky,Boyle,0,0,0,0,0,0,0
21099,Kentucky,Hart,0,0,0,0,0,0,0
21149,Kentucky,McLean,0,0,0,0,0,0,0
21163,Kentucky,Meade,0,0,0,0,0,0,0
23013,Maine,Knox,0,0,0,0,0,0,0
23025,Maine,Somerset,0,0,0,0,0,0,0
26129,Michigan,Ogemaw,0,0,0,0,0,0,0
27059,Minnesota,Isanti,0,0,0,0,0,0,0
27133,Minnesota,Rock,0,0,0,0,0,0,0
29003,Missouri,Andrew,0,0,0,0,0,0,0
31035,Nebraska,Clay,0,0,0,0,0,0,0
31173,Nebraska,Thurston,0,0,0,0,0,0,0
35057,New Mexico,Torrance,0,0,0,0,0,0,0
37039,North Carolina,Cherokee,0,0,0,0,0,0,0
38097,North Dakota,Traill,0,0,0,0,0,0,0
46109,South Dakota,Roberts,0,0,0,0,0,0,0
47029,Tennessee,Cocke,0,0,0,0,0,0,0
47079,Tennessee,Henry,0,0,0,0,0,0,0
48015,Texas,Austin,0,0,0,0,0,0,0
48051,Texas,Burleson,0,0,0,0,0,0,0
51079,Virginia,Greene,0,0,0,0,0,0,0
55033,Wisconsin,Dunn,0,0,0,0,0,0,0
5003,Arkansas,Ashley,0,0,0,0,0,0,0
5043,Arkansas,Drew,0,0,0,0,0,0,0
13053,Georgia,Chattahoochee,0,0,0,0,0,0,0
13055,Georgia,Chattooga,0,0,0,0,0,0,0
17051,Illinois,Fayette,0,0,0,0,0,0,0
18155,Indiana,Switzerland,0,0,0,0,0,0,0
19075,Iowa,Grundy,0,0,0,0,0,0,0
19119,Iowa,Lyon,0,0,0,0,0,0,0
21097,Kentucky,Harrison,0,0,0,0,0,0,0
21193,Kentucky,Perry,0,0,0,0,0,0,0
21239,Kentucky,Woodford,0,0,0,0,0,0,0
22123,Louisiana,West Carroll,0,0,0,0,0,0,0
26107,Michigan,Mecosta,0,0,0,0,0,0,0
27085,Minnesota,McLeod,0,0,0,0,0,0,0
28039,Mississippi,George,0,0,0,0,0,0,0
32015,Nevada,Lander,0,0,0,0,0,0,0
35019,New Mexico,Guadalupe,0,0,0,0,0,0,0
40013,Oklahoma,Bryan,0,0,0,0,0,0,0
40081,Oklahoma,Lincoln,0,0,0,0,0,0,0
47019,Tennessee,Carter,0,0,0,0,0,0,0
47131,Tennessee,Obion,0,0,0,0,0,0,0
48089,Texas,Colorado,0,0,0,0,0,0,0
51043,Virginia,Clarke,0,0,0,0,0,0,0
53075,Washington,Whitman,0,0,0,0,0,0,0
55135,Wisconsin,Waupaca,0,0,0,0,0,0,0
5041,Arkansas,Desha,0,0,0,0,0,0,0
5131,Arkansas,Sebastian,0,0,0,0,0,0,0
8109,Colorado,Saguache,0,0,0,0,0,0,0
17053,Illinois,Ford,0,0,0,0,0,0,0
17189,Illinois,Washington,0,0,0,0,0,0,0
17203,Illinois,Woodford,0,0,0,0,0,0,0
18045,Indiana,Fountain,0,0,0,0,0,0,0
19085,Iowa,Harrison,0,0,0,0,0,0,0
19133,Iowa,Monona,0,0,0,0,0,0,0
21071,Kentucky,Floyd,0,0,0,0,0,0,0
23017,Maine,Oxford,0,0,0,0,0,0,0
26079,Michigan,Kalkaska,0,0,0,0,0,0,0
29007,Missouri,Audrain,0,0,0,0,0,0,0
29049,Missouri,Clinton,0,0,0,0,0,0,0
29145,Missouri,Newton,0,0,0,0,0,0,0
31039,Nebraska,Cuming,0,0,0,0,0,0,0
35025,New Mexico,Lea,0,0,0,0,0,0,0
36033,New York,Franklin,0,0,0,0,0,0,0
36049,New York,Lewis,0,0,0,0,0,0,0
37055,North Carolina,Dare,0,0,0,0,0,0,0
40083,Oklahoma,Logan,0,0,0,0,0,0,0
40111,Oklahoma,Okmulgee,0,0,0,0,0,0,0
41065,Oregon,Wasco,0,0,0,0,0,0,0
45009,South Carolina,Bamberg,0,0,0,0,0,0,0
46101,South Dakota,Moody,0,0,0,0,0,0,0
47133,Tennessee,Overton,0,0,0,0,0,0,0
48111,Texas,Dallam,0,0,0,0,0,0,0
48459,Texas,Upshur,0,0,0,0,0,0,0
51027,Virginia,Bucha0,0,0,0,0,0,0,0
51135,Virginia,Nottoway,0,0,0,0,0,0,0
53003,Washington,Asotin,0,0,0,0,0,0,0
5025,Arkansas,Cleveland,0,0,0,0,0,0,0
17129,Illinois,Menard,0,0,0,0,0,0,0
20067,Kansas,Grant,0,0,0,0,0,0,0
21027,Kentucky,Breckinridge,0,0,0,0,0,0,0
21155,Kentucky,Marion,0,0,0,0,0,0,0
21173,Kentucky,Montgomery,0,0,0,0,0,0,0
21219,Kentucky,Todd,0,0,0,0,0,0,0
23015,Maine,Lincoln,0,0,0,0,0,0,0
26035,Michigan,Clare,0,0,0,0,0,0,0
26051,Michigan,Gladwin,0,0,0,0,0,0,0
27045,Minnesota,Fillmore,0,0,0,0,0,0,0
29225,Missouri,Webster,0,0,0,0,0,0,0
30013,Montana,Cascade,0,0,0,0,0,0,0
35015,New Mexico,Eddy,0,0,0,0,0,0,0
38093,North Dakota,Stutsman,0,0,0,0,0,0,0
39005,Ohio,Ashland,0,0,0,0,0,0,0
46029,South Dakota,Codington,0,0,0,0,0,0,0
46065,South Dakota,Hughes,0,0,0,0,0,0,0
46121,South Dakota,Todd,0,0,0,0,0,0,0
47013,Tennessee,Campbell,0,0,0,0,0,0,0
47103,Tennessee,Lincoln,0,0,0,0,0,0,0
47129,Tennessee,Morgan,0,0,0,0,0,0,0
48123,Texas,DeWitt,0,0,0,0,0,0,0
48293,Texas,Limestone,0,0,0,0,0,0,0
54065,West Virginia,Morgan,0,0,0,0,0,0,0
55065,Wisconsin,Lafayette,0,0,0,0,0,0,0
2130,Alaska,Ketchikan Gateway Borough,0,0,0,0,0,0,0
5053,Arkansas,Grant,0,0,0,0,0,0,0
8019,Colorado,Clear Creek,0,0,0,0,0,0,0
12043,Florida,Glades,0,0,0,0,0,0,0
13165,Georgia,Jenkins,0,0,0,0,0,0,0
13249,Georgia,Schley,0,0,0,0,0,0,0
13301,Georgia,Warren,0,0,0,0,0,0,0
16005,Idaho,Bannock,0,0,0,0,0,0,0
16045,Idaho,Gem,0,0,0,0,0,0,0
17125,Illinois,Mason,0,0,0,0,0,0,0
18009,Indiana,Blackford,0,0,0,0,0,0,0
18129,Indiana,Posey,0,0,0,0,0,0,0
18147,Indiana,Spencer,0,0,0,0,0,0,0
20061,Kansas,Geary,0,0,0,0,0,0,0
21215,Kentucky,Spencer,0,0,0,0,0,0,0
26041,Michigan,Delta,0,0,0,0,0,0,0
26113,Michigan,Missaukee,0,0,0,0,0,0,0
27157,Minnesota,Wabasha,0,0,0,0,0,0,0
30049,Montana,Lewis and Clark,0,0,0,0,0,0,0
31137,Nebraska,Phelps,0,0,0,0,0,0,0
33019,New Hampshire,Sullivan,0,0,0,0,0,0,0
35017,New Mexico,Grant,0,0,0,0,0,0,0
38053,North Dakota,McKenzie,0,0,0,0,0,0,0
39071,Ohio,Highland,0,0,0,0,0,0,0
39147,Ohio,Seneca,0,0,0,0,0,0,0
39163,Ohio,Vinton,0,0,0,0,0,0,0
41009,Oregon,Columbia,0,0,0,0,0,0,0
42117,Pennsylvania,Tioga,0,0,0,0,0,0,0
47177,Tennessee,Warren,0,0,0,0,0,0,0
48315,Texas,Marion,0,0,0,0,0,0,0
51197,Virginia,Wythe,0,0,0,0,0,0,0
56007,Wyoming,Carbon,0,0,0,0,0,0,0
56019,Wyoming,Johnson,0,0,0,0,0,0,0
56033,Wyoming,Sheridan,0,0,0,0,0,0,0
1075,Alabama,Lamar,0,0,0,0,0,0,0
6015,California,Del Norte,0,0,0,0,0,0,0
6043,California,Mariposa,0,0,0,0,0,0,0
6045,California,Mendocino,0,0,0,0,0,0,0
13181,Georgia,Lincoln,0,0,0,0,0,0,0
13241,Georgia,Rabun,0,0,0,0,0,0,0
13305,Georgia,Wayne,0,0,0,0,0,0,0
17011,Illinois,Bureau,0,0,0,0,0,0,0
17173,Illinois,Shelby,0,0,0,0,0,0,0
20005,Kansas,Atchison,0,0,0,0,0,0,0
20079,Kansas,Harvey,0,0,0,0,0,0,0
21005,Kentucky,Anderson,0,0,0,0,0,0,0
27095,Minnesota,Mille Lacs,0,0,0,0,0,0,0
31167,Nebraska,Stanton,0,0,0,0,0,0,0
39075,Ohio,Holmes,0,0,0,0,0,0,0
39127,Ohio,Perry,0,0,0,0,0,0,0
40019,Oklahoma,Carter,0,0,0,0,0,0,0
40035,Oklahoma,Craig,0,0,0,0,0,0,0
40049,Oklahoma,Garvin,0,0,0,0,0,0,0
46027,South Dakota,Clay,0,0,0,0,0,0,0
47091,Tennessee,Johnson,0,0,0,0,0,0,0
47143,Tennessee,Rhea,0,0,0,0,0,0,0
48143,Texas,Erath,0,0,0,0,0,0,0
48239,Texas,Jackson,0,0,0,0,0,0,0
48437,Texas,Swisher,0,0,0,0,0,0,0
48483,Texas,Wheeler,0,0,0,0,0,0,0
48489,Texas,Willacy,0,0,0,0,0,0,0
51037,Virginia,Charlotte,0,0,0,0,0,0,0
51101,Virginia,King William,0,0,0,0,0,0,0
51173,Virginia,Smyth,0,0,0,0,0,0,0
53027,Washington,Grays Harbor,0,0,0,0,0,0,0
53055,Washington,San Juan,0,0,0,0,0,0,0
54045,West Virginia,Logan,0,0,0,0,0,0,0
54053,West Virginia,Mason,0,0,0,0,0,0,0
54077,West Virginia,Preston,0,0,0,0,0,0,0
55031,Wisconsin,Douglas,0,0,0,0,0,0,0
55053,Wisconsin,Jackson,0,0,0,0,0,0,0
55081,Wisconsin,Monroe,0,0,0,0,0,0,0
56043,Wyoming,Washakie,0,0,0,0,0,0,0
5011,Arkansas,Bradley,0,0,0,0,0,0,0
5029,Arkansas,Conway,0,0,0,0,0,0,0
5061,Arkansas,Howard,0,0,0,0,0,0,0
5065,Arkansas,Izard,0,0,0,0,0,0,0
12133,Florida,Washington,0,0,0,0,0,0,0
19023,Iowa,Butler,0,0,0,0,0,0,0
19051,Iowa,Davis,0,0,0,0,0,0,0
21143,Kentucky,Lyon,0,0,0,0,0,0,0
26029,Michigan,Charlevoix,0,0,0,0,0,0,0
29119,Missouri,McDonald,0,0,0,0,0,0,0
29143,Missouri,New Madrid,0,0,0,0,0,0,0
29163,Missouri,Pike,0,0,0,0,0,0,0
29177,Missouri,Ray,0,0,0,0,0,0,0
37041,North Carolina,Chowan,0,0,0,0,0,0,0
37073,North Carolina,Gates,0,0,0,0,0,0,0
39145,Ohio,Scioto,0,0,0,0,0,0,0
40135,Oklahoma,Sequoyah,0,0,0,0,0,0,0
41027,Oregon,Hood River,0,0,0,0,0,0,0
46011,South Dakota,Brookings,0,0,0,0,0,0,0
47033,Tennessee,Crockett,0,0,0,0,0,0,0
47139,Tennessee,Polk,0,0,0,0,0,0,0
48273,Texas,Kleberg,0,0,0,0,0,0,0
48343,Texas,Morris,0,0,0,0,0,0,0
50005,Vermont,Caledonia,0,0,0,0,0,0,0
54081,West Virginia,Raleigh,0,0,0,0,0,0,0
55103,Wisconsin,Richland,0,0,0,0,0,0,0
56023,Wyoming,Lincoln,0,0,0,0,0,0,0
1029,Alabama,Cleburne,0,0,0,0,0,0,0
6009,California,Calaveras,0,0,0,0,0,0,0
8089,Colorado,Otero,0,0,0,0,0,0,0
13267,Georgia,Tattnall,0,0,0,0,0,0,0
17015,Illinois,Carroll,0,0,0,0,0,0,0
17131,Illinois,Mercer,0,0,0,0,0,0,0
18115,Indiana,Ohio,0,0,0,0,0,0,0
18171,Indiana,Warren,0,0,0,0,0,0,0
19055,Iowa,Delaware,0,0,0,0,0,0,0
19073,Iowa,Greene,0,0,0,0,0,0,0
19079,Iowa,Hamilton,0,0,0,0,0,0,0
19083,Iowa,Hardin,0,0,0,0,0,0,0
19101,Iowa,Jefferson,0,0,0,0,0,0,0
19107,Iowa,Keokuk,0,0,0,0,0,0,0
19129,Iowa,Mills,0,0,0,0,0,0,0
21089,Kentucky,Greenup,0,0,0,0,0,0,0
21103,Kentucky,Henry,0,0,0,0,0,0,0
21147,Kentucky,McCreary,0,0,0,0,0,0,0
21203,Kentucky,Rockcastle,0,0,0,0,0,0,0
21235,Kentucky,Whitley,0,0,0,0,0,0,0
27151,Minnesota,Swift,0,0,0,0,0,0,0
28009,Mississippi,Benton,0,0,0,0,0,0,0
30081,Montana,Ravalli,0,0,0,0,0,0,0
38077,North Dakota,Richland,0,0,0,0,0,0,0
39009,Ohio,Athens,0,0,0,0,0,0,0
40079,Oklahoma,Le Flore,0,0,0,0,0,0,0
40089,Oklahoma,McCurtain,0,0,0,0,0,0,0
42057,Pennsylvania,Fulton,0,0,0,0,0,0,0
47015,Tennessee,Cannon,0,0,0,0,0,0,0
47087,Tennessee,Jackson,0,0,0,0,0,0,0
47135,Tennessee,Perry,0,0,0,0,0,0,0
48097,Texas,Cooke,0,0,0,0,0,0,0
48445,Texas,Terry,0,0,0,0,0,0,0
48465,Texas,Val Verde,0,0,0,0,0,0,0
51031,Virginia,Campbell,0,0,0,0,0,0,0
51125,Virginia,Nelson,0,0,0,0,0,0,0
51163,Virginia,Rockbridge,0,0,0,0,0,0,0
54055,West Virginia,Mercer,0,0,0,0,0,0,0
5033,Arkansas,Crawford,0,0,0,0,0,0,0
5105,Arkansas,Perry,0,0,0,0,0,0,0
6021,California,Glenn,0,0,0,0,0,0,0
6033,California,Lake,0,0,0,0,0,0,0
13043,Georgia,Candler,0,0,0,0,0,0,0
13173,Georgia,Lanier,0,0,0,0,0,0,0
17005,Illinois,Bond,0,0,0,0,0,0,0
17067,Illinois,Hancock,0,0,0,0,0,0,0
19089,Iowa,Howard,0,0,0,0,0,0,0
20171,Kansas,Scott,0,0,0,0,0,0,0
21033,Kentucky,Caldwell,0,0,0,0,0,0,0
21167,Kentucky,Mercer,0,0,0,0,0,0,0
25019,Massachusetts,Nantucket,0,0,0,0,0,0,0
28003,Mississippi,Alcorn,0,0,0,0,0,0,0
29213,Missouri,Taney,0,0,0,0,0,0,0
37005,North Carolina,Alleghany,0,0,0,0,0,0,0
37189,North Carolina,Watauga,0,0,0,0,0,0,0
38025,North Dakota,Dunn,0,0,0,0,0,0,0
39069,Ohio,Henry,0,0,0,0,0,0,0
39125,Ohio,Paulding,0,0,0,0,0,0,0
40023,Oklahoma,Choctaw,0,0,0,0,0,0,0
40039,Oklahoma,Custer,0,0,0,0,0,0,0
41049,Oregon,Morrow,0,0,0,0,0,0,0
47023,Tennessee,Chester,0,0,0,0,0,0,0
47055,Tennessee,Giles,0,0,0,0,0,0,0
47077,Tennessee,Henderson,0,0,0,0,0,0,0
47085,Tennessee,Humphreys,0,0,0,0,0,0,0
47109,Tennessee,McNairy,0,0,0,0,0,0,0
48407,Texas,San Jacinto,0,0,0,0,0,0,0
48457,Texas,Tyler,0,0,0,0,0,0,0
51119,Virginia,Middlesex,0,0,0,0,0,0,0
51157,Virginia,Rappahannock,0,0,0,0,0,0,0
54027,West Virginia,Hampshire,0,0,0,0,0,0,0
54029,West Virginia,Hancock,0,0,0,0,0,0,0
55123,Wisconsin,Vernon,0,0,0,0,0,0,0
5017,Arkansas,Chicot,0,0,0,0,0,0,0
8099,Colorado,Prowers,0,0,0,0,0,0,0
8121,Colorado,Washington,0,0,0,0,0,0,0
8125,Colorado,Yuma,0,0,0,0,0,0,0
12059,Florida,Holmes,0,0,0,0,0,0,0
13191,Georgia,McIntosh,0,0,0,0,0,0,0
16081,Idaho,Teton,0,0,0,0,0,0,0
17033,Illinois,Crawford,0,0,0,0,0,0,0
17055,Illinois,Franklin,0,0,0,0,0,0,0
18001,Indiana,Adams,0,0,0,0,0,0,0
18051,Indiana,Gibson,0,0,0,0,0,0,0
19009,Iowa,Audubon,0,0,0,0,0,0,0
19067,Iowa,Floyd,0,0,0,0,0,0,0
23009,Maine,Hancock,0,0,0,0,0,0,0
26009,Michigan,Antrim,0,0,0,0,0,0,0
26089,Michigan,Leelanau,0,0,0,0,0,0,0
26101,Michigan,Manistee,0,0,0,0,0,0,0
26141,Michigan,Presque Isle,0,0,0,0,0,0,0
26165,Michigan,Wexford,0,0,0,0,0,0,0
27021,Minnesota,Cass,0,0,0,0,0,0,0
27107,Minnesota,Norman,0,0,0,0,0,0,0
27143,Minnesota,Sibley,0,0,0,0,0,0,0
27167,Minnesota,Wilkin,0,0,0,0,0,0,0
29229,Missouri,Wright,0,0,0,0,0,0,0
30093,Montana,Silver Bow,0,0,0,0,0,0,0
31099,Nebraska,Kearney,0,0,0,0,0,0,0
37053,North Carolina,Currituck,0,0,0,0,0,0,0
38099,North Dakota,Walsh,0,0,0,0,0,0,0
39079,Ohio,Jackson,0,0,0,0,0,0,0
40123,Oklahoma,Pontotoc,0,0,0,0,0,0,0
42083,Pennsylvania,McKean,0,0,0,0,0,0,0
47151,Tennessee,Scott,0,0,0,0,0,0,0
48205,Texas,Hartley,0,0,0,0,0,0,0
48223,Texas,Hopkins,0,0,0,0,0,0,0
48265,Texas,Kerr,0,0,0,0,0,0,0
48279,Texas,Lamb,0,0,0,0,0,0,0
48455,Texas,Trinity,0,0,0,0,0,0,0
51530,Virginia,Buena Vista city,0,0,0,0,0,0,0
55005,Wisconsin,Barron,0,0,0,0,0,0,0
55041,Wisconsin,Forest,0,0,0,0,0,0,0
55047,Wisconsin,Green Lake,0,0,0,0,0,0,0
55049,Wisconsin,Iowa,0,0,0,0,0,0,0
55121,Wisconsin,Trempealeau,0,0,0,0,0,0,0
56041,Wyoming,Uinta,0,0,0,0,0,0,0
